date,gold_usd,gold_log_ret,cpi_index,cpi_mom_pct
1833-01-01,18.93,,,
1833-02-01,18.93,0.0,,
1833-03-01,18.93,0.0,,
1833-04-01,18.93,0.0,,
1833-05-01,18.93,0.0,,
1833-06-01,18.93,0.0,,
1833-07-01,18.93,0.0,,
1833-08-01,18.93,0.0,,
1833-09-01,18.93,0.0,,
1833-10-01,18.93,0.0,,
1833-11-01,18.93,0.0,,
1833-12-01,18.93,0.0,,
1834-01-01,18.93,0.0,,
1834-02-01,18.93,0.0,,
1834-03-01,18.93,0.0,,
1834-04-01,18.93,0.0,,
1834-05-01,18.93,0.0,,
1834-06-01,18.93,0.0,,
1834-07-01,18.93,0.0,,
1834-08-01,18.93,0.0,,
1834-09-01,18.93,0.0,,
1834-10-01,18.93,0.0,,
1834-11-01,18.93,0.0,,
1834-12-01,18.93,0.0,,
1835-01-01,18.93,0.0,,
1835-02-01,18.93,0.0,,
1835-03-01,18.93,0.0,,
1835-04-01,18.93,0.0,,
1835-05-01,18.93,0.0,,
1835-06-01,18.93,0.0,,
1835-07-01,18.93,0.0,,
1835-08-01,18.93,0.0,,
1835-09-01,18.93,0.0,,
1835-10-01,18.93,0.0,,
1835-11-01,18.93,0.0,,
1835-12-01,18.93,0.0,,
1836-01-01,18.93,0.0,,
1836-02-01,18.93,0.0,,
1836-03-01,18.93,0.0,,
1836-04-01,18.93,0.0,,
1836-05-01,18.93,0.0,,
1836-06-01,18.93,0.0,,
1836-07-01,18.93,0.0,,
1836-08-01,18.93,0.0,,
1836-09-01,18.93,0.0,,
1836-10-01,18.93,0.0,,
1836-11-01,18.93,0.0,,
1836-12-01,18.93,0.0,,
1837-01-01,18.93,0.0,,
1837-02-01,18.93,0.0,,
1837-03-01,18.93,0.0,,
1837-04-01,18.93,0.0,,
1837-05-01,18.93,0.0,,
1837-06-01,18.93,0.0,,
1837-07-01,18.93,0.0,,
1837-08-01,18.93,0.0,,
1837-09-01,18.93,0.0,,
1837-10-01,18.93,0.0,,
1837-11-01,18.93,0.0,,
1837-12-01,18.93,0.0,,
1838-01-01,18.93,0.0,,
1838-02-01,18.93,0.0,,
1838-03-01,18.93,0.0,,
1838-04-01,18.93,0.0,,
1838-05-01,18.93,0.0,,
1838-06-01,18.93,0.0,,
1838-07-01,18.93,0.0,,
1838-08-01,18.93,0.0,,
1838-09-01,18.93,0.0,,
1838-10-01,18.93,0.0,,
1838-11-01,18.93,0.0,,
1838-12-01,18.93,0.0,,
1839-01-01,18.93,0.0,,
1839-02-01,18.93,0.0,,
1839-03-01,18.93,0.0,,
1839-04-01,18.93,0.0,,
1839-05-01,18.93,0.0,,
1839-06-01,18.93,0.0,,
1839-07-01,18.93,0.0,,
1839-08-01,18.93,0.0,,
1839-09-01,18.93,0.0,,
1839-10-01,18.93,0.0,,
1839-11-01,18.93,0.0,,
1839-12-01,18.93,0.0,,
1840-01-01,18.93,0.0,,
1840-02-01,18.93,0.0,,
1840-03-01,18.93,0.0,,
1840-04-01,18.93,0.0,,
1840-05-01,18.93,0.0,,
1840-06-01,18.93,0.0,,
1840-07-01,18.93,0.0,,
1840-08-01,18.93,0.0,,
1840-09-01,18.93,0.0,,
1840-10-01,18.93,0.0,,
1840-11-01,18.93,0.0,,
1840-12-01,18.93,0.0,,
1841-01-01,18.93,0.0,,
1841-02-01,18.93,0.0,,
1841-03-01,18.93,0.0,,
1841-04-01,18.93,0.0,,
1841-05-01,18.93,0.0,,
1841-06-01,18.93,0.0,,
1841-07-01,18.93,0.0,,
1841-08-01,18.93,0.0,,
1841-09-01,18.93,0.0,,
1841-10-01,18.93,0.0,,
1841-11-01,18.93,0.0,,
1841-12-01,18.93,0.0,,
1842-01-01,18.93,0.0,,
1842-02-01,18.93,0.0,,
1842-03-01,18.93,0.0,,
1842-04-01,18.93,0.0,,
1842-05-01,18.93,0.0,,
1842-06-01,18.93,0.0,,
1842-07-01,18.93,0.0,,
1842-08-01,18.93,0.0,,
1842-09-01,18.93,0.0,,
1842-10-01,18.93,0.0,,
1842-11-01,18.93,0.0,,
1842-12-01,18.93,0.0,,
1843-01-01,18.93,0.0,,
1843-02-01,18.93,0.0,,
1843-03-01,18.93,0.0,,
1843-04-01,18.93,0.0,,
1843-05-01,18.93,0.0,,
1843-06-01,18.93,0.0,,
1843-07-01,18.93,0.0,,
1843-08-01,18.93,0.0,,
1843-09-01,18.93,0.0,,
1843-10-01,18.93,0.0,,
1843-11-01,18.93,0.0,,
1843-12-01,18.93,0.0,,
1844-01-01,18.93,0.0,,
1844-02-01,18.93,0.0,,
1844-03-01,18.93,0.0,,
1844-04-01,18.93,0.0,,
1844-05-01,18.93,0.0,,
1844-06-01,18.93,0.0,,
1844-07-01,18.93,0.0,,
1844-08-01,18.93,0.0,,
1844-09-01,18.93,0.0,,
1844-10-01,18.93,0.0,,
1844-11-01,18.93,0.0,,
1844-12-01,18.93,0.0,,
1845-01-01,18.93,0.0,,
1845-02-01,18.93,0.0,,
1845-03-01,18.93,0.0,,
1845-04-01,18.93,0.0,,
1845-05-01,18.93,0.0,,
1845-06-01,18.93,0.0,,
1845-07-01,18.93,0.0,,
1845-08-01,18.93,0.0,,
1845-09-01,18.93,0.0,,
1845-10-01,18.93,0.0,,
1845-11-01,18.93,0.0,,
1845-12-01,18.93,0.0,,
1846-01-01,18.93,0.0,,
1846-02-01,18.93,0.0,,
1846-03-01,18.93,0.0,,
1846-04-01,18.93,0.0,,
1846-05-01,18.93,0.0,,
1846-06-01,18.93,0.0,,
1846-07-01,18.93,0.0,,
1846-08-01,18.93,0.0,,
1846-09-01,18.93,0.0,,
1846-10-01,18.93,0.0,,
1846-11-01,18.93,0.0,,
1846-12-01,18.93,0.0,,
1847-01-01,18.93,0.0,,
1847-02-01,18.93,0.0,,
1847-03-01,18.93,0.0,,
1847-04-01,18.93,0.0,,
1847-05-01,18.93,0.0,,
1847-06-01,18.93,0.0,,
1847-07-01,18.93,0.0,,
1847-08-01,18.93,0.0,,
1847-09-01,18.93,0.0,,
1847-10-01,18.93,0.0,,
1847-11-01,18.93,0.0,,
1847-12-01,18.93,0.0,,
1848-01-01,18.93,0.0,,
1848-02-01,18.93,0.0,,
1848-03-01,18.93,0.0,,
1848-04-01,18.93,0.0,,
1848-05-01,18.93,0.0,,
1848-06-01,18.93,0.0,,
1848-07-01,18.93,0.0,,
1848-08-01,18.93,0.0,,
1848-09-01,18.93,0.0,,
1848-10-01,18.93,0.0,,
1848-11-01,18.93,0.0,,
1848-12-01,18.93,0.0,,
1849-01-01,18.93,0.0,,
1849-02-01,18.93,0.0,,
1849-03-01,18.93,0.0,,
1849-04-01,18.93,0.0,,
1849-05-01,18.93,0.0,,
1849-06-01,18.93,0.0,,
1849-07-01,18.93,0.0,,
1849-08-01,18.93,0.0,,
1849-09-01,18.93,0.0,,
1849-10-01,18.93,0.0,,
1849-11-01,18.93,0.0,,
1849-12-01,18.93,0.0,,
1850-01-01,18.93,0.0,,
1850-02-01,18.93,0.0,,
1850-03-01,18.93,0.0,,
1850-04-01,18.93,0.0,,
1850-05-01,18.93,0.0,,
1850-06-01,18.93,0.0,,
1850-07-01,18.93,0.0,,
1850-08-01,18.93,0.0,,
1850-09-01,18.93,0.0,,
1850-10-01,18.93,0.0,,
1850-11-01,18.93,0.0,,
1850-12-01,18.93,0.0,,
1851-01-01,18.93,0.0,,
1851-02-01,18.93,0.0,,
1851-03-01,18.93,0.0,,
1851-04-01,18.93,0.0,,
1851-05-01,18.93,0.0,,
1851-06-01,18.93,0.0,,
1851-07-01,18.93,0.0,,
1851-08-01,18.93,0.0,,
1851-09-01,18.93,0.0,,
1851-10-01,18.93,0.0,,
1851-11-01,18.93,0.0,,
1851-12-01,18.93,0.0,,
1852-01-01,18.93,0.0,,
1852-02-01,18.93,0.0,,
1852-03-01,18.93,0.0,,
1852-04-01,18.93,0.0,,
1852-05-01,18.93,0.0,,
1852-06-01,18.93,0.0,,
1852-07-01,18.93,0.0,,
1852-08-01,18.93,0.0,,
1852-09-01,18.93,0.0,,
1852-10-01,18.93,0.0,,
1852-11-01,18.93,0.0,,
1852-12-01,18.93,0.0,,
1853-01-01,18.93,0.0,,
1853-02-01,18.93,0.0,,
1853-03-01,18.93,0.0,,
1853-04-01,18.93,0.0,,
1853-05-01,18.93,0.0,,
1853-06-01,18.93,0.0,,
1853-07-01,18.93,0.0,,
1853-08-01,18.93,0.0,,
1853-09-01,18.93,0.0,,
1853-10-01,18.93,0.0,,
1853-11-01,18.93,0.0,,
1853-12-01,18.93,0.0,,
1854-01-01,18.93,0.0,,
1854-02-01,18.93,0.0,,
1854-03-01,18.93,0.0,,
1854-04-01,18.93,0.0,,
1854-05-01,18.93,0.0,,
1854-06-01,18.93,0.0,,
1854-07-01,18.93,0.0,,
1854-08-01,18.93,0.0,,
1854-09-01,18.93,0.0,,
1854-10-01,18.93,0.0,,
1854-11-01,18.93,0.0,,
1854-12-01,18.93,0.0,,
1855-01-01,18.93,0.0,,
1855-02-01,18.93,0.0,,
1855-03-01,18.93,0.0,,
1855-04-01,18.93,0.0,,
1855-05-01,18.93,0.0,,
1855-06-01,18.93,0.0,,
1855-07-01,18.93,0.0,,
1855-08-01,18.93,0.0,,
1855-09-01,18.93,0.0,,
1855-10-01,18.93,0.0,,
1855-11-01,18.93,0.0,,
1855-12-01,18.93,0.0,,
1856-01-01,18.93,0.0,,
1856-02-01,18.93,0.0,,
1856-03-01,18.93,0.0,,
1856-04-01,18.93,0.0,,
1856-05-01,18.93,0.0,,
1856-06-01,18.93,0.0,,
1856-07-01,18.93,0.0,,
1856-08-01,18.93,0.0,,
1856-09-01,18.93,0.0,,
1856-10-01,18.93,0.0,,
1856-11-01,18.93,0.0,,
1856-12-01,18.93,0.0,,
1857-01-01,18.93,0.0,,
1857-02-01,18.93,0.0,,
1857-03-01,18.93,0.0,,
1857-04-01,18.93,0.0,,
1857-05-01,18.93,0.0,,
1857-06-01,18.93,0.0,,
1857-07-01,18.93,0.0,,
1857-08-01,18.93,0.0,,
1857-09-01,18.93,0.0,,
1857-10-01,18.93,0.0,,
1857-11-01,18.93,0.0,,
1857-12-01,18.93,0.0,,
1858-01-01,18.93,0.0,,
1858-02-01,18.93,0.0,,
1858-03-01,18.93,0.0,,
1858-04-01,18.93,0.0,,
1858-05-01,18.93,0.0,,
1858-06-01,18.93,0.0,,
1858-07-01,18.93,0.0,,
1858-08-01,18.93,0.0,,
1858-09-01,18.93,0.0,,
1858-10-01,18.93,0.0,,
1858-11-01,18.93,0.0,,
1858-12-01,18.93,0.0,,
1859-01-01,18.93,0.0,,
1859-02-01,18.93,0.0,,
1859-03-01,18.93,0.0,,
1859-04-01,18.93,0.0,,
1859-05-01,18.93,0.0,,
1859-06-01,18.93,0.0,,
1859-07-01,18.93,0.0,,
1859-08-01,18.93,0.0,,
1859-09-01,18.93,0.0,,
1859-10-01,18.93,0.0,,
1859-11-01,18.93,0.0,,
1859-12-01,18.93,0.0,,
1860-01-01,18.93,0.0,,
1860-02-01,18.93,0.0,,
1860-03-01,18.93,0.0,,
1860-04-01,18.93,0.0,,
1860-05-01,18.93,0.0,,
1860-06-01,18.93,0.0,,
1860-07-01,18.93,0.0,,
1860-08-01,18.93,0.0,,
1860-09-01,18.93,0.0,,
1860-10-01,18.93,0.0,,
1860-11-01,18.93,0.0,,
1860-12-01,18.93,0.0,,
1861-01-01,18.93,0.0,,
1861-02-01,18.93,0.0,,
1861-03-01,18.93,0.0,,
1861-04-01,18.93,0.0,,
1861-05-01,18.93,0.0,,
1861-06-01,18.93,0.0,,
1861-07-01,18.93,0.0,,
1861-08-01,18.93,0.0,,
1861-09-01,18.93,0.0,,
1861-10-01,18.93,0.0,,
1861-11-01,18.93,0.0,,
1861-12-01,18.93,0.0,,
1862-01-01,18.93,0.0,,
1862-02-01,18.93,0.0,,
1862-03-01,18.93,0.0,,
1862-04-01,18.93,0.0,,
1862-05-01,18.93,0.0,,
1862-06-01,18.93,0.0,,
1862-07-01,18.93,0.0,,
1862-08-01,18.93,0.0,,
1862-09-01,18.93,0.0,,
1862-10-01,18.93,0.0,,
1862-11-01,18.93,0.0,,
1862-12-01,18.93,0.0,,
1863-01-01,18.93,0.0,,
1863-02-01,18.93,0.0,,
1863-03-01,18.93,0.0,,
1863-04-01,18.93,0.0,,
1863-05-01,18.93,0.0,,
1863-06-01,18.93,0.0,,
1863-07-01,18.93,0.0,,
1863-08-01,18.93,0.0,,
1863-09-01,18.93,0.0,,
1863-10-01,18.93,0.0,,
1863-11-01,18.93,0.0,,
1863-12-01,18.93,0.0,,
1864-01-01,18.93,0.0,,
1864-02-01,18.93,0.0,,
1864-03-01,18.93,0.0,,
1864-04-01,18.93,0.0,,
1864-05-01,18.93,0.0,,
1864-06-01,18.93,0.0,,
1864-07-01,18.93,0.0,,
1864-08-01,18.93,0.0,,
1864-09-01,18.93,0.0,,
1864-10-01,18.93,0.0,,
1864-11-01,18.93,0.0,,
1864-12-01,18.93,0.0,,
1865-01-01,18.93,0.0,,
1865-02-01,18.93,0.0,,
1865-03-01,18.93,0.0,,
1865-04-01,18.93,0.0,,
1865-05-01,18.93,0.0,,
1865-06-01,18.93,0.0,,
1865-07-01,18.93,0.0,,
1865-08-01,18.93,0.0,,
1865-09-01,18.93,0.0,,
1865-10-01,18.93,0.0,,
1865-11-01,18.93,0.0,,
1865-12-01,18.93,0.0,,
1866-01-01,18.93,0.0,,
1866-02-01,18.93,0.0,,
1866-03-01,18.93,0.0,,
1866-04-01,18.93,0.0,,
1866-05-01,18.93,0.0,,
1866-06-01,18.93,0.0,,
1866-07-01,18.93,0.0,,
1866-08-01,18.93,0.0,,
1866-09-01,18.93,0.0,,
1866-10-01,18.93,0.0,,
1866-11-01,18.93,0.0,,
1866-12-01,18.93,0.0,,
1867-01-01,18.93,0.0,,
1867-02-01,18.93,0.0,,
1867-03-01,18.93,0.0,,
1867-04-01,18.93,0.0,,
1867-05-01,18.93,0.0,,
1867-06-01,18.93,0.0,,
1867-07-01,18.93,0.0,,
1867-08-01,18.93,0.0,,
1867-09-01,18.93,0.0,,
1867-10-01,18.93,0.0,,
1867-11-01,18.93,0.0,,
1867-12-01,18.93,0.0,,
1868-01-01,18.93,0.0,,
1868-02-01,18.93,0.0,,
1868-03-01,18.93,0.0,,
1868-04-01,18.93,0.0,,
1868-05-01,18.93,0.0,,
1868-06-01,18.93,0.0,,
1868-07-01,18.93,0.0,,
1868-08-01,18.93,0.0,,
1868-09-01,18.93,0.0,,
1868-10-01,18.93,0.0,,
1868-11-01,18.93,0.0,,
1868-12-01,18.93,0.0,,
1869-01-01,18.93,0.0,,
1869-02-01,18.93,0.0,,
1869-03-01,18.93,0.0,,
1869-04-01,18.93,0.0,,
1869-05-01,18.93,0.0,,
1869-06-01,18.93,0.0,,
1869-07-01,18.93,0.0,,
1869-08-01,18.93,0.0,,
1869-09-01,18.93,0.0,,
1869-10-01,18.93,0.0,,
1869-11-01,18.93,0.0,,
1869-12-01,18.93,0.0,,
1870-01-01,18.93,0.0,,
1870-02-01,18.93,0.0,,
1870-03-01,18.93,0.0,,
1870-04-01,18.93,0.0,,
1870-05-01,18.93,0.0,,
1870-06-01,18.93,0.0,,
1870-07-01,18.93,0.0,,
1870-08-01,18.93,0.0,,
1870-09-01,18.93,0.0,,
1870-10-01,18.93,0.0,,
1870-11-01,18.93,0.0,,
1870-12-01,18.93,0.0,,
1871-01-01,18.93,0.0,,
1871-02-01,18.93,0.0,,
1871-03-01,18.93,0.0,,
1871-04-01,18.93,0.0,,
1871-05-01,18.93,0.0,,
1871-06-01,18.93,0.0,,
1871-07-01,18.93,0.0,,
1871-08-01,18.93,0.0,,
1871-09-01,18.93,0.0,,
1871-10-01,18.93,0.0,,
1871-11-01,18.93,0.0,,
1871-12-01,18.93,0.0,,
1872-01-01,18.94,0.0005281225367008702,,
1872-02-01,18.94,0.0,,
1872-03-01,18.94,0.0,,
1872-04-01,18.94,0.0,,
1872-05-01,18.94,0.0,,
1872-06-01,18.94,0.0,,
1872-07-01,18.94,0.0,,
1872-08-01,18.94,0.0,,
1872-09-01,18.94,0.0,,
1872-10-01,18.94,0.0,,
1872-11-01,18.94,0.0,,
1872-12-01,18.94,0.0,,
1873-01-01,18.94,0.0,,
1873-02-01,18.94,0.0,,
1873-03-01,18.94,0.0,,
1873-04-01,18.94,0.0,,
1873-05-01,18.94,0.0,,
1873-06-01,18.94,0.0,,
1873-07-01,18.94,0.0,,
1873-08-01,18.94,0.0,,
1873-09-01,18.94,0.0,,
1873-10-01,18.94,0.0,,
1873-11-01,18.94,0.0,,
1873-12-01,18.94,0.0,,
1874-01-01,18.94,0.0,,
1874-02-01,18.94,0.0,,
1874-03-01,18.94,0.0,,
1874-04-01,18.94,0.0,,
1874-05-01,18.94,0.0,,
1874-06-01,18.94,0.0,,
1874-07-01,18.94,0.0,,
1874-08-01,18.94,0.0,,
1874-09-01,18.94,0.0,,
1874-10-01,18.94,0.0,,
1874-11-01,18.94,0.0,,
1874-12-01,18.94,0.0,,
1875-01-01,18.94,0.0,,
1875-02-01,18.94,0.0,,
1875-03-01,18.94,0.0,,
1875-04-01,18.94,0.0,,
1875-05-01,18.94,0.0,,
1875-06-01,18.94,0.0,,
1875-07-01,18.94,0.0,,
1875-08-01,18.94,0.0,,
1875-09-01,18.94,0.0,,
1875-10-01,18.94,0.0,,
1875-11-01,18.94,0.0,,
1875-12-01,18.94,0.0,,
1876-01-01,18.94,0.0,,
1876-02-01,18.94,0.0,,
1876-03-01,18.94,0.0,,
1876-04-01,18.94,0.0,,
1876-05-01,18.94,0.0,,
1876-06-01,18.94,0.0,,
1876-07-01,18.94,0.0,,
1876-08-01,18.94,0.0,,
1876-09-01,18.94,0.0,,
1876-10-01,18.94,0.0,,
1876-11-01,18.94,0.0,,
1876-12-01,18.94,0.0,,
1877-01-01,18.94,0.0,,
1877-02-01,18.94,0.0,,
1877-03-01,18.94,0.0,,
1877-04-01,18.94,0.0,,
1877-05-01,18.94,0.0,,
1877-06-01,18.94,0.0,,
1877-07-01,18.94,0.0,,
1877-08-01,18.94,0.0,,
1877-09-01,18.94,0.0,,
1877-10-01,18.94,0.0,,
1877-11-01,18.94,0.0,,
1877-12-01,18.94,0.0,,
1878-01-01,18.94,0.0,,
1878-02-01,18.94,0.0,,
1878-03-01,18.94,0.0,,
1878-04-01,18.94,0.0,,
1878-05-01,18.94,0.0,,
1878-06-01,18.94,0.0,,
1878-07-01,18.94,0.0,,
1878-08-01,18.94,0.0,,
1878-09-01,18.94,0.0,,
1878-10-01,18.94,0.0,,
1878-11-01,18.94,0.0,,
1878-12-01,18.94,0.0,,
1879-01-01,18.94,0.0,,
1879-02-01,18.94,0.0,,
1879-03-01,18.94,0.0,,
1879-04-01,18.94,0.0,,
1879-05-01,18.94,0.0,,
1879-06-01,18.94,0.0,,
1879-07-01,18.94,0.0,,
1879-08-01,18.94,0.0,,
1879-09-01,18.94,0.0,,
1879-10-01,18.94,0.0,,
1879-11-01,18.94,0.0,,
1879-12-01,18.94,0.0,,
1880-01-01,18.94,0.0,,
1880-02-01,18.94,0.0,,
1880-03-01,18.94,0.0,,
1880-04-01,18.94,0.0,,
1880-05-01,18.94,0.0,,
1880-06-01,18.94,0.0,,
1880-07-01,18.94,0.0,,
1880-08-01,18.94,0.0,,
1880-09-01,18.94,0.0,,
1880-10-01,18.94,0.0,,
1880-11-01,18.94,0.0,,
1880-12-01,18.94,0.0,,
1881-01-01,18.94,0.0,,
1881-02-01,18.94,0.0,,
1881-03-01,18.94,0.0,,
1881-04-01,18.94,0.0,,
1881-05-01,18.94,0.0,,
1881-06-01,18.94,0.0,,
1881-07-01,18.94,0.0,,
1881-08-01,18.94,0.0,,
1881-09-01,18.94,0.0,,
1881-10-01,18.94,0.0,,
1881-11-01,18.94,0.0,,
1881-12-01,18.94,0.0,,
1882-01-01,18.94,0.0,,
1882-02-01,18.94,0.0,,
1882-03-01,18.94,0.0,,
1882-04-01,18.94,0.0,,
1882-05-01,18.94,0.0,,
1882-06-01,18.94,0.0,,
1882-07-01,18.94,0.0,,
1882-08-01,18.94,0.0,,
1882-09-01,18.94,0.0,,
1882-10-01,18.94,0.0,,
1882-11-01,18.94,0.0,,
1882-12-01,18.94,0.0,,
1883-01-01,18.94,0.0,,
1883-02-01,18.94,0.0,,
1883-03-01,18.94,0.0,,
1883-04-01,18.94,0.0,,
1883-05-01,18.94,0.0,,
1883-06-01,18.94,0.0,,
1883-07-01,18.94,0.0,,
1883-08-01,18.94,0.0,,
1883-09-01,18.94,0.0,,
1883-10-01,18.94,0.0,,
1883-11-01,18.94,0.0,,
1883-12-01,18.94,0.0,,
1884-01-01,18.94,0.0,,
1884-02-01,18.94,0.0,,
1884-03-01,18.94,0.0,,
1884-04-01,18.94,0.0,,
1884-05-01,18.94,0.0,,
1884-06-01,18.94,0.0,,
1884-07-01,18.94,0.0,,
1884-08-01,18.94,0.0,,
1884-09-01,18.94,0.0,,
1884-10-01,18.94,0.0,,
1884-11-01,18.94,0.0,,
1884-12-01,18.94,0.0,,
1885-01-01,18.94,0.0,,
1885-02-01,18.94,0.0,,
1885-03-01,18.94,0.0,,
1885-04-01,18.94,0.0,,
1885-05-01,18.94,0.0,,
1885-06-01,18.94,0.0,,
1885-07-01,18.94,0.0,,
1885-08-01,18.94,0.0,,
1885-09-01,18.94,0.0,,
1885-10-01,18.94,0.0,,
1885-11-01,18.94,0.0,,
1885-12-01,18.94,0.0,,
1886-01-01,18.94,0.0,,
1886-02-01,18.94,0.0,,
1886-03-01,18.94,0.0,,
1886-04-01,18.94,0.0,,
1886-05-01,18.94,0.0,,
1886-06-01,18.94,0.0,,
1886-07-01,18.94,0.0,,
1886-08-01,18.94,0.0,,
1886-09-01,18.94,0.0,,
1886-10-01,18.94,0.0,,
1886-11-01,18.94,0.0,,
1886-12-01,18.94,0.0,,
1887-01-01,18.94,0.0,,
1887-02-01,18.94,0.0,,
1887-03-01,18.94,0.0,,
1887-04-01,18.94,0.0,,
1887-05-01,18.94,0.0,,
1887-06-01,18.94,0.0,,
1887-07-01,18.94,0.0,,
1887-08-01,18.94,0.0,,
1887-09-01,18.94,0.0,,
1887-10-01,18.94,0.0,,
1887-11-01,18.94,0.0,,
1887-12-01,18.94,0.0,,
1888-01-01,18.94,0.0,,
1888-02-01,18.94,0.0,,
1888-03-01,18.94,0.0,,
1888-04-01,18.94,0.0,,
1888-05-01,18.94,0.0,,
1888-06-01,18.94,0.0,,
1888-07-01,18.94,0.0,,
1888-08-01,18.94,0.0,,
1888-09-01,18.94,0.0,,
1888-10-01,18.94,0.0,,
1888-11-01,18.94,0.0,,
1888-12-01,18.94,0.0,,
1889-01-01,18.93,-0.0005281225367008702,,
1889-02-01,18.93,0.0,,
1889-03-01,18.93,0.0,,
1889-04-01,18.93,0.0,,
1889-05-01,18.93,0.0,,
1889-06-01,18.93,0.0,,
1889-07-01,18.93,0.0,,
1889-08-01,18.93,0.0,,
1889-09-01,18.93,0.0,,
1889-10-01,18.93,0.0,,
1889-11-01,18.93,0.0,,
1889-12-01,18.93,0.0,,
1890-01-01,18.94,0.0005281225367008702,,
1890-02-01,18.94,0.0,,
1890-03-01,18.94,0.0,,
1890-04-01,18.94,0.0,,
1890-05-01,18.94,0.0,,
1890-06-01,18.94,0.0,,
1890-07-01,18.94,0.0,,
1890-08-01,18.94,0.0,,
1890-09-01,18.94,0.0,,
1890-10-01,18.94,0.0,,
1890-11-01,18.94,0.0,,
1890-12-01,18.94,0.0,,
1891-01-01,18.96,0.0010554090689436357,,
1891-02-01,18.96,0.0,,
1891-03-01,18.96,0.0,,
1891-04-01,18.96,0.0,,
1891-05-01,18.96,0.0,,
1891-06-01,18.96,0.0,,
1891-07-01,18.96,0.0,,
1891-08-01,18.96,0.0,,
1891-09-01,18.96,0.0,,
1891-10-01,18.96,0.0,,
1891-11-01,18.96,0.0,,
1891-12-01,18.96,0.0,,
1892-01-01,18.96,0.0,,
1892-02-01,18.96,0.0,,
1892-03-01,18.96,0.0,,
1892-04-01,18.96,0.0,,
1892-05-01,18.96,0.0,,
1892-06-01,18.96,0.0,,
1892-07-01,18.96,0.0,,
1892-08-01,18.96,0.0,,
1892-09-01,18.96,0.0,,
1892-10-01,18.96,0.0,,
1892-11-01,18.96,0.0,,
1892-12-01,18.96,0.0,,
1893-01-01,18.96,0.0,,
1893-02-01,18.96,0.0,,
1893-03-01,18.96,0.0,,
1893-04-01,18.96,0.0,,
1893-05-01,18.96,0.0,,
1893-06-01,18.96,0.0,,
1893-07-01,18.96,0.0,,
1893-08-01,18.96,0.0,,
1893-09-01,18.96,0.0,,
1893-10-01,18.96,0.0,,
1893-11-01,18.96,0.0,,
1893-12-01,18.96,0.0,,
1894-01-01,18.94,-0.0010554090689436357,,
1894-02-01,18.94,0.0,,
1894-03-01,18.94,0.0,,
1894-04-01,18.94,0.0,,
1894-05-01,18.94,0.0,,
1894-06-01,18.94,0.0,,
1894-07-01,18.94,0.0,,
1894-08-01,18.94,0.0,,
1894-09-01,18.94,0.0,,
1894-10-01,18.94,0.0,,
1894-11-01,18.94,0.0,,
1894-12-01,18.94,0.0,,
1895-01-01,18.93,-0.0005281225367008702,,
1895-02-01,18.93,0.0,,
1895-03-01,18.93,0.0,,
1895-04-01,18.93,0.0,,
1895-05-01,18.93,0.0,,
1895-06-01,18.93,0.0,,
1895-07-01,18.93,0.0,,
1895-08-01,18.93,0.0,,
1895-09-01,18.93,0.0,,
1895-10-01,18.93,0.0,,
1895-11-01,18.93,0.0,,
1895-12-01,18.93,0.0,,
1896-01-01,18.98,0.002637827960550343,,
1896-02-01,18.98,0.0,,
1896-03-01,18.98,0.0,,
1896-04-01,18.98,0.0,,
1896-05-01,18.98,0.0,,
1896-06-01,18.98,0.0,,
1896-07-01,18.98,0.0,,
1896-08-01,18.98,0.0,,
1896-09-01,18.98,0.0,,
1896-10-01,18.98,0.0,,
1896-11-01,18.98,0.0,,
1896-12-01,18.98,0.0,,
1897-01-01,18.98,0.0,,
1897-02-01,18.98,0.0,,
1897-03-01,18.98,0.0,,
1897-04-01,18.98,0.0,,
1897-05-01,18.98,0.0,,
1897-06-01,18.98,0.0,,
1897-07-01,18.98,0.0,,
1897-08-01,18.98,0.0,,
1897-09-01,18.98,0.0,,
1897-10-01,18.98,0.0,,
1897-11-01,18.98,0.0,,
1897-12-01,18.98,0.0,,
1898-01-01,18.98,0.0,,
1898-02-01,18.98,0.0,,
1898-03-01,18.98,0.0,,
1898-04-01,18.98,0.0,,
1898-05-01,18.98,0.0,,
1898-06-01,18.98,0.0,,
1898-07-01,18.98,0.0,,
1898-08-01,18.98,0.0,,
1898-09-01,18.98,0.0,,
1898-10-01,18.98,0.0,,
1898-11-01,18.98,0.0,,
1898-12-01,18.98,0.0,,
1899-01-01,18.94,-0.002109705423849473,,
1899-02-01,18.94,0.0,,
1899-03-01,18.94,0.0,,
1899-04-01,18.94,0.0,,
1899-05-01,18.94,0.0,,
1899-06-01,18.94,0.0,,
1899-07-01,18.94,0.0,,
1899-08-01,18.94,0.0,,
1899-09-01,18.94,0.0,,
1899-10-01,18.94,0.0,,
1899-11-01,18.94,0.0,,
1899-12-01,18.94,0.0,,
1900-01-01,18.96,0.0010554090689436357,,
1900-02-01,18.96,0.0,,
1900-03-01,18.96,0.0,,
1900-04-01,18.96,0.0,,
1900-05-01,18.96,0.0,,
1900-06-01,18.96,0.0,,
1900-07-01,18.96,0.0,,
1900-08-01,18.96,0.0,,
1900-09-01,18.96,0.0,,
1900-10-01,18.96,0.0,,
1900-11-01,18.96,0.0,,
1900-12-01,18.96,0.0,,
1901-01-01,18.98,0.001054296354905837,,
1901-02-01,18.98,0.0,,
1901-03-01,18.98,0.0,,
1901-04-01,18.98,0.0,,
1901-05-01,18.98,0.0,,
1901-06-01,18.98,0.0,,
1901-07-01,18.98,0.0,,
1901-08-01,18.98,0.0,,
1901-09-01,18.98,0.0,,
1901-10-01,18.98,0.0,,
1901-11-01,18.98,0.0,,
1901-12-01,18.98,0.0,,
1902-01-01,18.97,-0.0005270092348590438,,
1902-02-01,18.97,0.0,,
1902-03-01,18.97,0.0,,
1902-04-01,18.97,0.0,,
1902-05-01,18.97,0.0,,
1902-06-01,18.97,0.0,,
1902-07-01,18.97,0.0,,
1902-08-01,18.97,0.0,,
1902-09-01,18.97,0.0,,
1902-10-01,18.97,0.0,,
1902-11-01,18.97,0.0,,
1902-12-01,18.97,0.0,,
1903-01-01,18.95,-0.0010548524184872399,,
1903-02-01,18.95,0.0,,
1903-03-01,18.95,0.0,,
1903-04-01,18.95,0.0,,
1903-05-01,18.95,0.0,,
1903-06-01,18.95,0.0,,
1903-07-01,18.95,0.0,,
1903-08-01,18.95,0.0,,
1903-09-01,18.95,0.0,,
1903-10-01,18.95,0.0,,
1903-11-01,18.95,0.0,,
1903-12-01,18.95,0.0,,
1904-01-01,18.96,0.0005275652984404466,,
1904-02-01,18.96,0.0,,
1904-03-01,18.96,0.0,,
1904-04-01,18.96,0.0,,
1904-05-01,18.96,0.0,,
1904-06-01,18.96,0.0,,
1904-07-01,18.96,0.0,,
1904-08-01,18.96,0.0,,
1904-09-01,18.96,0.0,,
1904-10-01,18.96,0.0,,
1904-11-01,18.96,0.0,,
1904-12-01,18.96,0.0,,
1905-01-01,18.92,-0.0021119332031434013,,
1905-02-01,18.92,0.0,,
1905-03-01,18.92,0.0,,
1905-04-01,18.92,0.0,,
1905-05-01,18.92,0.0,,
1905-06-01,18.92,0.0,,
1905-07-01,18.92,0.0,,
1905-08-01,18.92,0.0,,
1905-09-01,18.92,0.0,,
1905-10-01,18.92,0.0,,
1905-11-01,18.92,0.0,,
1905-12-01,18.92,0.0,,
1906-01-01,18.9,-0.0010576415581358134,,
1906-02-01,18.9,0.0,,
1906-03-01,18.9,0.0,,
1906-04-01,18.9,0.0,,
1906-05-01,18.9,0.0,,
1906-06-01,18.9,0.0,,
1906-07-01,18.9,0.0,,
1906-08-01,18.9,0.0,,
1906-09-01,18.9,0.0,,
1906-10-01,18.9,0.0,,
1906-11-01,18.9,0.0,,
1906-12-01,18.9,0.0,,
1907-01-01,18.94,0.002114165692335579,,
1907-02-01,18.94,0.0,,
1907-03-01,18.94,0.0,,
1907-04-01,18.94,0.0,,
1907-05-01,18.94,0.0,,
1907-06-01,18.94,0.0,,
1907-07-01,18.94,0.0,,
1907-08-01,18.94,0.0,,
1907-09-01,18.94,0.0,,
1907-10-01,18.94,0.0,,
1907-11-01,18.94,0.0,,
1907-12-01,18.94,0.0,,
1908-01-01,18.95,0.0005278437705031891,,
1908-02-01,18.95,0.0,,
1908-03-01,18.95,0.0,,
1908-04-01,18.95,0.0,,
1908-05-01,18.95,0.0,,
1908-06-01,18.95,0.0,,
1908-07-01,18.95,0.0,,
1908-08-01,18.95,0.0,,
1908-09-01,18.95,0.0,,
1908-10-01,18.95,0.0,,
1908-11-01,18.95,0.0,,
1908-12-01,18.95,0.0,,
1909-01-01,18.96,0.0005275652984404466,,
1909-02-01,18.96,0.0,,
1909-03-01,18.96,0.0,,
1909-04-01,18.96,0.0,,
1909-05-01,18.96,0.0,,
1909-06-01,18.96,0.0,,
1909-07-01,18.96,0.0,,
1909-08-01,18.96,0.0,,
1909-09-01,18.96,0.0,,
1909-10-01,18.96,0.0,,
1909-11-01,18.96,0.0,,
1909-12-01,18.96,0.0,,
1910-01-01,18.92,-0.0021119332031434013,,
1910-02-01,18.92,0.0,,
1910-03-01,18.92,0.0,,
1910-04-01,18.92,0.0,,
1910-05-01,18.92,0.0,,
1910-06-01,18.92,0.0,,
1910-07-01,18.92,0.0,,
1910-08-01,18.92,0.0,,
1910-09-01,18.92,0.0,,
1910-10-01,18.92,0.0,,
1910-11-01,18.92,0.0,,
1910-12-01,18.92,0.0,,
1911-01-01,18.92,0.0,,
1911-02-01,18.92,0.0,,
1911-03-01,18.92,0.0,,
1911-04-01,18.92,0.0,,
1911-05-01,18.92,0.0,,
1911-06-01,18.92,0.0,,
1911-07-01,18.92,0.0,,
1911-08-01,18.92,0.0,,
1911-09-01,18.92,0.0,,
1911-10-01,18.92,0.0,,
1911-11-01,18.92,0.0,,
1911-12-01,18.92,0.0,,
1912-01-01,18.93,0.0005284015974988954,,
1912-02-01,18.93,0.0,,
1912-03-01,18.93,0.0,,
1912-04-01,18.93,0.0,,
1912-05-01,18.93,0.0,,
1912-06-01,18.93,0.0,,
1912-07-01,18.93,0.0,,
1912-08-01,18.93,0.0,,
1912-09-01,18.93,0.0,,
1912-10-01,18.93,0.0,,
1912-11-01,18.93,0.0,,
1912-12-01,18.93,0.0,,
1913-01-01,18.92,-0.0005284015974988954,9.8,
1913-02-01,18.92,0.0,9.8,0.0
1913-03-01,18.92,0.0,9.8,0.0
1913-04-01,18.92,0.0,9.8,0.0
1913-05-01,18.92,0.0,9.7,-1.02
1913-06-01,18.92,0.0,9.8,1.03
1913-07-01,18.92,0.0,9.9,1.02
1913-08-01,18.92,0.0,9.9,0.0
1913-09-01,18.92,0.0,10.0,1.01
1913-10-01,18.92,0.0,10.0,0.0
1913-11-01,18.92,0.0,10.1,1.0
1913-12-01,18.92,0.0,10.0,-0.99
1914-01-01,18.99,0.0036929612004619194,10.0,0.0
1914-02-01,18.99,0.0,9.9,-1.0
1914-03-01,18.99,0.0,9.9,0.0
1914-04-01,18.99,0.0,9.8,-1.01
1914-05-01,18.99,0.0,9.9,1.02
1914-06-01,18.99,0.0,9.9,0.0
1914-07-01,18.99,0.0,10.0,1.01
1914-08-01,18.99,0.0,10.2,2.0
1914-09-01,18.99,0.0,10.2,0.0
1914-10-01,18.99,0.0,10.1,-0.98
1914-11-01,18.99,0.0,10.2,0.99
1914-12-01,18.99,0.0,10.1,-0.98
1915-01-01,18.99,0.0,10.1,0.0
1915-02-01,18.99,0.0,10.0,-0.99
1915-03-01,18.99,0.0,9.9,-1.0
1915-04-01,18.99,0.0,10.0,1.01
1915-05-01,18.99,0.0,10.1,1.0
1915-06-01,18.99,0.0,10.1,0.0
1915-07-01,18.99,0.0,10.1,0.0
1915-08-01,18.99,0.0,10.1,0.0
1915-09-01,18.99,0.0,10.1,0.0
1915-10-01,18.99,0.0,10.2,0.99
1915-11-01,18.99,0.0,10.3,0.98
1915-12-01,18.99,0.0,10.3,0.0
1916-01-01,18.99,0.0,10.4,0.97
1916-02-01,18.99,0.0,10.4,0.0
1916-03-01,18.99,0.0,10.5,0.96
1916-04-01,18.99,0.0,10.6,0.95
1916-05-01,18.99,0.0,10.7,0.94
1916-06-01,18.99,0.0,10.8,0.93
1916-07-01,18.99,0.0,10.8,0.0
1916-08-01,18.99,0.0,10.9,0.93
1916-09-01,18.99,0.0,11.1,1.83
1916-10-01,18.99,0.0,11.3,1.8
1916-11-01,18.99,0.0,11.5,1.77
1916-12-01,18.99,0.0,11.6,0.87
1917-01-01,18.99,0.0,11.7,0.86
1917-02-01,18.99,0.0,12.0,2.56
1917-03-01,18.99,0.0,12.0,0.0
1917-04-01,18.99,0.0,12.6,5.0
1917-05-01,18.99,0.0,12.8,1.59
1917-06-01,18.99,0.0,13.0,1.56
1917-07-01,18.99,0.0,12.8,-1.54
1917-08-01,18.99,0.0,13.0,1.56
1917-09-01,18.99,0.0,13.3,2.31
1917-10-01,18.99,0.0,13.5,1.5
1917-11-01,18.99,0.0,13.5,0.0
1917-12-01,18.99,0.0,13.7,1.48
1918-01-01,18.99,0.0,14.0,2.19
1918-02-01,18.99,0.0,14.1,0.71
1918-03-01,18.99,0.0,14.0,-0.71
1918-04-01,18.99,0.0,14.2,1.43
1918-05-01,18.99,0.0,14.5,2.11
1918-06-01,18.99,0.0,14.7,1.38
1918-07-01,18.99,0.0,15.1,2.72
1918-08-01,18.99,0.0,15.4,1.99
1918-09-01,18.99,0.0,15.7,1.95
1918-10-01,18.99,0.0,16.0,1.91
1918-11-01,18.99,0.0,16.3,1.88
1918-12-01,18.99,0.0,16.5,1.23
1919-01-01,19.95,0.04931661851167801,16.5,0.0
1919-02-01,19.95,0.0,16.2,-1.82
1919-03-01,19.95,0.0,16.4,1.23
1919-04-01,19.95,0.0,16.7,1.83
1919-05-01,19.95,0.0,16.9,1.2
1919-06-01,19.95,0.0,16.9,0.0
1919-07-01,19.95,0.0,17.4,2.96
1919-08-01,19.95,0.0,17.7,1.72
1919-09-01,19.95,0.0,17.8,0.56
1919-10-01,19.95,0.0,18.1,1.69
1919-11-01,19.95,0.0,18.5,2.21
1919-12-01,19.95,0.0,18.9,2.16
1920-01-01,20.68,0.035937906304356115,19.3,2.12
1920-02-01,20.68,0.0,19.5,1.04
1920-03-01,20.68,0.0,19.7,1.03
1920-04-01,20.68,0.0,20.3,3.05
1920-05-01,20.68,0.0,20.6,1.48
1920-06-01,20.68,0.0,20.9,1.46
1920-07-01,20.68,0.0,20.8,-0.48
1920-08-01,20.68,0.0,20.3,-2.4
1920-09-01,20.68,0.0,20.0,-1.48
1920-10-01,20.68,0.0,19.9,-0.5
1920-11-01,20.68,0.0,19.8,-0.5
1920-12-01,20.68,0.0,19.4,-2.02
1921-01-01,20.58,-0.00484731923432502,19.0,-2.06
1921-02-01,20.58,0.0,18.4,-3.16
1921-03-01,20.58,0.0,18.3,-0.54
1921-04-01,20.58,0.0,18.1,-1.09
1921-05-01,20.58,0.0,17.7,-2.21
1921-06-01,20.58,0.0,17.6,-0.56
1921-07-01,20.58,0.0,17.7,0.57
1921-08-01,20.58,0.0,17.7,0.0
1921-09-01,20.58,0.0,17.5,-1.13
1921-10-01,20.58,0.0,17.5,0.0
1921-11-01,20.58,0.0,17.4,-0.57
1921-12-01,20.58,0.0,17.3,-0.57
1922-01-01,20.66,0.0038797332855891042,16.9,-2.31
1922-02-01,20.66,0.0,16.9,0.0
1922-03-01,20.66,0.0,16.7,-1.18
1922-04-01,20.66,0.0,16.7,0.0
1922-05-01,20.66,0.0,16.7,0.0
1922-06-01,20.66,0.0,16.7,0.0
1922-07-01,20.66,0.0,16.8,0.6
1922-08-01,20.66,0.0,16.6,-1.19
1922-09-01,20.66,0.0,16.6,0.0
1922-10-01,20.66,0.0,16.7,0.6
1922-11-01,20.66,0.0,16.8,0.6
1922-12-01,20.66,0.0,16.9,0.6
1923-01-01,21.32,0.03144613560615106,16.8,-0.59
1923-02-01,21.32,0.0,16.8,0.0
1923-03-01,21.32,0.0,16.8,0.0
1923-04-01,21.32,0.0,16.9,0.6
1923-05-01,21.32,0.0,16.9,0.0
1923-06-01,21.32,0.0,17.0,0.59
1923-07-01,21.32,0.0,17.2,1.18
1923-08-01,21.32,0.0,17.1,-0.58
1923-09-01,21.32,0.0,17.2,0.58
1923-10-01,21.32,0.0,17.3,0.58
1923-11-01,21.32,0.0,17.3,0.0
1923-12-01,21.32,0.0,17.3,0.0
1924-01-01,20.69,-0.029995107540191857,17.3,0.0
1924-02-01,20.69,0.0,17.2,-0.58
1924-03-01,20.69,0.0,17.1,-0.58
1924-04-01,20.69,0.0,17.0,-0.58
1924-05-01,20.69,0.0,17.0,0.0
1924-06-01,20.69,0.0,17.0,0.0
1924-07-01,20.69,0.0,17.1,0.59
1924-08-01,20.69,0.0,17.0,-0.58
1924-09-01,20.69,0.0,17.1,0.59
1924-10-01,20.69,0.0,17.2,0.58
1924-11-01,20.69,0.0,17.2,0.0
1924-12-01,20.69,0.0,17.3,0.58
1925-01-01,20.64,-0.002419551144089649,17.3,0.0
1925-02-01,20.64,0.0,17.2,-0.58
1925-03-01,20.64,0.0,17.3,0.58
1925-04-01,20.64,0.0,17.2,-0.58
1925-05-01,20.64,0.0,17.3,0.58
1925-06-01,20.64,0.0,17.5,1.16
1925-07-01,20.64,0.0,17.7,1.14
1925-08-01,20.64,0.0,17.7,0.0
1925-09-01,20.64,0.0,17.7,0.0
1925-10-01,20.64,0.0,17.7,0.0
1925-11-01,20.64,0.0,18.0,1.69
1925-12-01,20.64,0.0,17.9,-0.56
1926-01-01,20.63,-0.000484613530201905,17.9,0.0
1926-02-01,20.63,0.0,17.9,0.0
1926-03-01,20.63,0.0,17.8,-0.56
1926-04-01,20.63,0.0,17.9,0.56
1926-05-01,20.63,0.0,17.8,-0.56
1926-06-01,20.63,0.0,17.7,-0.56
1926-07-01,20.63,0.0,17.5,-1.13
1926-08-01,20.63,0.0,17.4,-0.57
1926-09-01,20.63,0.0,17.5,0.57
1926-10-01,20.63,0.0,17.6,0.57
1926-11-01,20.63,0.0,17.7,0.57
1926-12-01,20.63,0.0,17.7,0.0
1927-01-01,20.64,0.000484613530201905,17.5,-1.13
1927-02-01,20.64,0.0,17.4,-0.57
1927-03-01,20.64,0.0,17.3,-0.57
1927-04-01,20.64,0.0,17.3,0.0
1927-05-01,20.64,0.0,17.4,0.58
1927-06-01,20.64,0.0,17.6,1.15
1927-07-01,20.64,0.0,17.3,-1.7
1927-08-01,20.64,0.0,17.2,-0.58
1927-09-01,20.64,0.0,17.3,0.58
1927-10-01,20.64,0.0,17.4,0.58
1927-11-01,20.64,0.0,17.3,-0.57
1927-12-01,20.64,0.0,17.3,0.0
1928-01-01,20.66,0.0009685230781304455,17.3,0.0
1928-02-01,20.66,0.0,17.1,-1.16
1928-03-01,20.66,0.0,17.1,0.0
1928-04-01,20.66,0.0,17.1,0.0
1928-05-01,20.66,0.0,17.2,0.58
1928-06-01,20.66,0.0,17.1,-0.58
1928-07-01,20.66,0.0,17.1,0.0
1928-08-01,20.66,0.0,17.1,0.0
1928-09-01,20.66,0.0,17.3,1.17
1928-10-01,20.66,0.0,17.2,-0.58
1928-11-01,20.66,0.0,17.2,0.0
1928-12-01,20.66,0.0,17.1,-0.58
1929-01-01,20.63,-0.0014531366083323505,17.1,0.0
1929-02-01,20.63,0.0,17.1,0.0
1929-03-01,20.63,0.0,17.0,-0.58
1929-04-01,20.63,0.0,16.9,-0.59
1929-05-01,20.63,0.0,17.0,0.59
1929-06-01,20.63,0.0,17.1,0.59
1929-07-01,20.63,0.0,17.3,1.17
1929-08-01,20.63,0.0,17.3,0.0
1929-09-01,20.63,0.0,17.3,0.0
1929-10-01,20.63,0.0,17.3,0.0
1929-11-01,20.63,0.0,17.3,0.0
1929-12-01,20.63,0.0,17.2,-0.58
1930-01-01,20.65,0.0009689923238815901,17.1,-0.58
1930-02-01,20.65,0.0,17.0,-0.58
1930-03-01,20.65,0.0,16.9,-0.59
1930-04-01,20.65,0.0,17.0,0.59
1930-05-01,20.65,0.0,16.9,-0.59
1930-06-01,20.65,0.0,16.8,-0.59
1930-07-01,20.65,0.0,16.6,-1.19
1930-08-01,20.65,0.0,16.5,-0.6
1930-09-01,20.65,0.0,16.6,0.61
1930-10-01,20.65,0.0,16.5,-0.6
1930-11-01,20.65,0.0,16.4,-0.61
1930-12-01,20.65,0.0,16.1,-1.83
1931-01-01,17.06,-0.190978777343509,15.9,-1.24
1931-02-01,17.06,0.0,15.7,-1.26
1931-03-01,17.06,0.0,15.6,-0.64
1931-04-01,17.06,0.0,15.5,-0.64
1931-05-01,17.06,0.0,15.3,-1.29
1931-06-01,17.06,0.0,15.1,-1.31
1931-07-01,17.06,0.0,15.1,0.0
1931-08-01,17.06,0.0,15.1,0.0
1931-09-01,17.06,0.0,15.0,-0.66
1931-10-01,17.06,0.0,14.9,-0.67
1931-11-01,17.06,0.0,14.7,-1.34
1931-12-01,17.06,0.0,14.6,-0.68
1932-01-01,20.69,0.19291394969391895,14.3,-2.05
1932-02-01,20.69,0.0,14.1,-1.4
1932-03-01,20.69,0.0,14.0,-0.71
1932-04-01,20.69,0.0,13.9,-0.71
1932-05-01,20.69,0.0,13.7,-1.44
1932-06-01,20.69,0.0,13.6,-0.73
1932-07-01,20.69,0.0,13.6,0.0
1932-08-01,20.69,0.0,13.5,-0.74
1932-09-01,20.69,0.0,13.4,-0.74
1932-10-01,20.69,0.0,13.3,-0.75
1932-11-01,20.69,0.0,13.2,-0.75
1932-12-01,20.69,0.0,13.1,-0.76
1933-01-01,26.33,0.24105848175076616,12.9,-1.53
1933-02-01,26.33,0.0,12.7,-1.55
1933-03-01,26.33,0.0,12.6,-0.79
1933-04-01,26.33,0.0,12.6,0.0
1933-05-01,26.33,0.0,12.6,0.0
1933-06-01,26.33,0.0,12.7,0.79
1933-07-01,26.33,0.0,13.1,3.15
1933-08-01,26.33,0.0,13.2,0.76
1933-09-01,26.33,0.0,13.2,0.0
1933-10-01,26.33,0.0,13.2,0.0
1933-11-01,26.33,0.0,13.2,0.0
1933-12-01,26.33,0.0,13.2,0.0
1934-01-01,34.69,0.27574248747344043,13.2,0.0
1934-02-01,34.69,0.0,13.3,0.76
1934-03-01,34.69,0.0,13.3,0.0
1934-04-01,34.69,0.0,13.3,0.0
1934-05-01,34.69,0.0,13.3,0.0
1934-06-01,34.69,0.0,13.4,0.75
1934-07-01,34.69,0.0,13.4,0.0
1934-08-01,34.69,0.0,13.4,0.0
1934-09-01,34.69,0.0,13.6,1.49
1934-10-01,34.69,0.0,13.5,-0.74
1934-11-01,34.69,0.0,13.5,0.0
1934-12-01,34.69,0.0,13.4,-0.74
1935-01-01,34.84,0.004314691002643922,13.6,1.49
1935-02-01,34.84,0.0,13.7,0.74
1935-03-01,34.84,0.0,13.7,0.0
1935-04-01,34.84,0.0,13.8,0.73
1935-05-01,34.84,0.0,13.8,0.0
1935-06-01,34.84,0.0,13.7,-0.72
1935-07-01,34.84,0.0,13.7,0.0
1935-08-01,34.84,0.0,13.7,0.0
1935-09-01,34.84,0.0,13.7,0.0
1935-10-01,34.84,0.0,13.7,0.0
1935-11-01,34.84,0.0,13.8,0.73
1935-12-01,34.84,0.0,13.8,0.0
1936-01-01,34.87,0.0008607087032572736,13.8,0.0
1936-02-01,34.87,0.0,13.8,0.0
1936-03-01,34.87,0.0,13.7,-0.72
1936-04-01,34.87,0.0,13.7,0.0
1936-05-01,34.87,0.0,13.7,0.0
1936-06-01,34.87,0.0,13.8,0.73
1936-07-01,34.87,0.0,13.9,0.72
1936-08-01,34.87,0.0,14.0,0.72
1936-09-01,34.87,0.0,14.0,0.0
1936-10-01,34.87,0.0,14.0,0.0
1936-11-01,34.87,0.0,14.0,0.0
1936-12-01,34.87,0.0,14.0,0.0
1937-01-01,34.79,-0.0022968715237090542,14.1,0.71
1937-02-01,34.79,0.0,14.1,0.0
1937-03-01,34.79,0.0,14.2,0.71
1937-04-01,34.79,0.0,14.3,0.7
1937-05-01,34.79,0.0,14.4,0.7
1937-06-01,34.79,0.0,14.4,0.0
1937-07-01,34.79,0.0,14.5,0.69
1937-08-01,34.79,0.0,14.5,0.0
1937-09-01,34.79,0.0,14.6,0.69
1937-10-01,34.79,0.0,14.6,0.0
1937-11-01,34.79,0.0,14.5,-0.68
1937-12-01,34.79,0.0,14.4,-0.69
1938-01-01,34.85,0.0017231480426822543,14.2,-1.39
1938-02-01,34.85,0.0,14.1,-0.7
1938-03-01,34.85,0.0,14.1,0.0
1938-04-01,34.85,0.0,14.2,0.71
1938-05-01,34.85,0.0,14.1,-0.7
1938-06-01,34.85,0.0,14.1,0.0
1938-07-01,34.85,0.0,14.1,0.0
1938-08-01,34.85,0.0,14.1,0.0
1938-09-01,34.85,0.0,14.1,0.0
1938-10-01,34.85,0.0,14.0,-0.71
1938-11-01,34.85,0.0,14.0,0.0
1938-12-01,34.85,0.0,14.0,0.0
1939-01-01,34.42,-0.01241534642313935,14.0,0.0
1939-02-01,34.42,0.0,13.9,-0.71
1939-03-01,34.42,0.0,13.9,0.0
1939-04-01,34.42,0.0,13.8,-0.72
1939-05-01,34.42,0.0,13.8,0.0
1939-06-01,34.42,0.0,13.8,0.0
1939-07-01,34.42,0.0,13.8,0.0
1939-08-01,34.42,0.0,13.8,0.0
1939-09-01,34.42,0.0,14.1,2.17
1939-10-01,34.42,0.0,14.0,-0.71
1939-11-01,34.42,0.0,14.0,0.0
1939-12-01,34.42,0.0,14.0,0.0
1940-01-01,33.85,-0.016698791425109327,13.9,-0.71
1940-02-01,33.85,0.0,14.0,0.72
1940-03-01,33.85,0.0,14.0,0.0
1940-04-01,33.85,0.0,14.0,0.0
1940-05-01,33.85,0.0,14.0,0.0
1940-06-01,33.85,0.0,14.1,0.71
1940-07-01,33.85,0.0,14.0,-0.71
1940-08-01,33.85,0.0,14.0,0.0
1940-09-01,33.85,0.0,14.0,0.0
1940-10-01,33.85,0.0,14.0,0.0
1940-11-01,33.85,0.0,14.0,0.0
1940-12-01,33.85,0.0,14.1,0.71
1941-01-01,33.85,0.0,14.1,0.0
1941-02-01,33.85,0.0,14.1,0.0
1941-03-01,33.85,0.0,14.2,0.71
1941-04-01,33.85,0.0,14.3,0.7
1941-05-01,33.85,0.0,14.4,0.7
1941-06-01,33.85,0.0,14.7,2.08
1941-07-01,33.85,0.0,14.7,0.0
1941-08-01,33.85,0.0,14.9,1.36
1941-09-01,33.85,0.0,15.1,1.34
1941-10-01,33.85,0.0,15.3,1.32
1941-11-01,33.85,0.0,15.4,0.65
1941-12-01,33.85,0.0,15.5,0.65
1942-01-01,33.85,0.0,15.7,1.29
1942-02-01,33.85,0.0,15.8,0.64
1942-03-01,33.85,0.0,16.0,1.27
1942-04-01,33.85,0.0,16.1,0.63
1942-05-01,33.85,0.0,16.3,1.24
1942-06-01,33.85,0.0,16.3,0.0
1942-07-01,33.85,0.0,16.4,0.61
1942-08-01,33.85,0.0,16.5,0.61
1942-09-01,33.85,0.0,16.5,0.0
1942-10-01,33.85,0.0,16.7,1.21
1942-11-01,33.85,0.0,16.8,0.6
1942-12-01,33.85,0.0,16.9,0.6
1943-01-01,33.85,0.0,16.9,0.0
1943-02-01,33.85,0.0,16.9,0.0
1943-03-01,33.85,0.0,17.2,1.78
1943-04-01,33.85,0.0,17.4,1.16
1943-05-01,33.85,0.0,17.5,0.57
1943-06-01,33.85,0.0,17.5,0.0
1943-07-01,33.85,0.0,17.4,-0.57
1943-08-01,33.85,0.0,17.3,-0.57
1943-09-01,33.85,0.0,17.4,0.58
1943-10-01,33.85,0.0,17.4,0.0
1943-11-01,33.85,0.0,17.4,0.0
1943-12-01,33.85,0.0,17.4,0.0
1944-01-01,33.85,0.0,17.4,0.0
1944-02-01,33.85,0.0,17.4,0.0
1944-03-01,33.85,0.0,17.4,0.0
1944-04-01,33.85,0.0,17.5,0.57
1944-05-01,33.85,0.0,17.5,0.0
1944-06-01,33.85,0.0,17.6,0.57
1944-07-01,33.85,0.0,17.7,0.57
1944-08-01,33.85,0.0,17.7,0.0
1944-09-01,33.85,0.0,17.7,0.0
1944-10-01,33.85,0.0,17.7,0.0
1944-11-01,33.85,0.0,17.7,0.0
1944-12-01,33.85,0.0,17.8,0.56
1945-01-01,34.71,0.025088830515410887,17.8,0.0
1945-02-01,34.71,0.0,17.8,0.0
1945-03-01,34.71,0.0,17.8,0.0
1945-04-01,34.71,0.0,17.8,0.0
1945-05-01,34.71,0.0,17.9,0.56
1945-06-01,34.71,0.0,18.1,1.12
1945-07-01,34.71,0.0,18.1,0.0
1945-08-01,34.71,0.0,18.1,0.0
1945-09-01,34.71,0.0,18.1,0.0
1945-10-01,34.71,0.0,18.1,0.0
1945-11-01,34.71,0.0,18.1,0.0
1945-12-01,34.71,0.0,18.2,0.55
1946-01-01,34.71,0.0,18.2,0.0
1946-02-01,34.71,0.0,18.1,-0.55
1946-03-01,34.71,0.0,18.3,1.1
1946-04-01,34.71,0.0,18.4,0.55
1946-05-01,34.71,0.0,18.5,0.54
1946-06-01,34.71,0.0,18.7,1.08
1946-07-01,34.71,0.0,19.8,5.88
1946-08-01,34.71,0.0,20.2,2.02
1946-09-01,34.71,0.0,20.4,0.99
1946-10-01,34.71,0.0,20.8,1.96
1946-11-01,34.71,0.0,21.3,2.4
1946-12-01,34.71,0.0,21.5,0.94
1947-01-01,34.71,0.0,21.5,0.0
1947-02-01,34.71,0.0,21.5,0.0
1947-03-01,34.71,0.0,21.9,1.86
1947-04-01,34.71,0.0,21.9,0.0
1947-05-01,34.71,0.0,21.9,0.0
1947-06-01,34.71,0.0,22.0,0.46
1947-07-01,34.71,0.0,22.2,0.91
1947-08-01,34.71,0.0,22.5,1.35
1947-09-01,34.71,0.0,23.0,2.22
1947-10-01,34.71,0.0,23.0,0.0
1947-11-01,34.71,0.0,23.1,0.43
1947-12-01,34.71,0.0,23.4,1.3
1948-01-01,34.71,0.0,23.7,1.28
1948-02-01,34.71,0.0,23.5,-0.84
1948-03-01,34.71,0.0,23.4,-0.43
1948-04-01,34.71,0.0,23.8,1.71
1948-05-01,34.71,0.0,23.9,0.42
1948-06-01,34.71,0.0,24.1,0.84
1948-07-01,34.71,0.0,24.4,1.24
1948-08-01,34.71,0.0,24.5,0.41
1948-09-01,34.71,0.0,24.5,0.0
1948-10-01,34.71,0.0,24.4,-0.41
1948-11-01,34.71,0.0,24.2,-0.82
1948-12-01,34.71,0.0,24.1,-0.41
1949-01-01,31.69,-0.09102665617086547,24.0,-0.41
1949-02-01,31.69,0.0,23.8,-0.83
1949-03-01,31.69,0.0,23.8,0.0
1949-04-01,31.69,0.0,23.9,0.42
1949-05-01,31.69,0.0,23.8,-0.42
1949-06-01,31.69,0.0,23.9,0.42
1949-07-01,31.69,0.0,23.7,-0.84
1949-08-01,31.69,0.0,23.8,0.42
1949-09-01,31.69,0.0,23.9,0.42
1949-10-01,31.69,0.0,23.7,-0.84
1949-11-01,31.69,0.0,23.8,0.42
1949-12-01,31.69,0.0,23.6,-0.84
1950-01-01,34.72,0.09131471608931996,23.5,-0.42
1950-02-01,34.72,0.0,23.5,0.0
1950-03-01,34.72,0.0,23.6,0.43
1950-04-01,34.72,0.0,23.6,0.0
1950-05-01,34.72,0.0,23.7,0.42
1950-06-01,34.72,0.0,23.8,0.42
1950-07-01,34.72,0.0,24.1,1.26
1950-08-01,34.72,0.0,24.3,0.83
1950-09-01,34.72,0.0,24.4,0.41
1950-10-01,34.72,0.0,24.6,0.82
1950-11-01,34.72,0.0,24.7,0.41
1950-12-01,34.72,0.0,25.0,1.21
1951-01-01,34.72,0.0,25.4,1.6
1951-02-01,34.72,0.0,25.7,1.18
1951-03-01,34.72,0.0,25.8,0.39
1951-04-01,34.72,0.0,25.8,0.0
1951-05-01,34.72,0.0,25.9,0.39
1951-06-01,34.72,0.0,25.9,0.0
1951-07-01,34.72,0.0,25.9,0.0
1951-08-01,34.72,0.0,25.9,0.0
1951-09-01,34.72,0.0,26.1,0.77
1951-10-01,34.72,0.0,26.2,0.38
1951-11-01,34.72,0.0,26.4,0.76
1951-12-01,34.72,0.0,26.5,0.38
1952-01-01,34.6,-0.003462207728470723,26.5,0.0
1952-02-01,34.6,0.0,26.3,-0.75
1952-03-01,34.6,0.0,26.3,0.0
1952-04-01,34.6,0.0,26.4,0.38
1952-05-01,34.6,0.0,26.4,0.0
1952-06-01,34.6,0.0,26.5,0.38
1952-07-01,34.6,0.0,26.7,0.75
1952-08-01,34.6,0.0,26.7,0.0
1952-09-01,34.6,0.0,26.7,0.0
1952-10-01,34.6,0.0,26.7,0.0
1952-11-01,34.6,0.0,26.7,0.0
1952-12-01,34.6,0.0,26.7,0.0
1953-01-01,34.84,0.006912469920623554,26.6,-0.37
1953-02-01,34.84,0.0,26.5,-0.38
1953-03-01,34.84,0.0,26.6,0.38
1953-04-01,34.84,0.0,26.6,0.0
1953-05-01,34.84,0.0,26.7,0.38
1953-06-01,34.84,0.0,26.8,0.37
1953-07-01,34.84,0.0,26.8,0.0
1953-08-01,34.84,0.0,26.9,0.37
1953-09-01,34.84,0.0,26.9,0.0
1953-10-01,34.84,0.0,27.0,0.37
1953-11-01,34.84,0.0,26.9,-0.37
1953-12-01,34.84,0.0,26.9,0.0
1954-01-01,35.04,0.005724114083888399,26.9,0.0
1954-02-01,35.04,0.0,26.9,0.0
1954-03-01,35.04,0.0,26.9,0.0
1954-04-01,35.04,0.0,26.8,-0.37
1954-05-01,35.04,0.0,26.9,0.37
1954-06-01,35.04,0.0,26.9,0.0
1954-07-01,35.04,0.0,26.9,0.0
1954-08-01,35.04,0.0,26.9,0.0
1954-09-01,35.04,0.0,26.8,-0.37
1954-10-01,35.04,0.0,26.8,0.0
1954-11-01,35.04,0.0,26.8,0.0
1954-12-01,35.04,0.0,26.7,-0.37
1955-01-01,35.03,-0.00028542885879545565,26.7,0.0
1955-02-01,35.03,0.0,26.7,0.0
1955-03-01,35.03,0.0,26.7,0.0
1955-04-01,35.03,0.0,26.7,0.0
1955-05-01,35.03,0.0,26.7,0.0
1955-06-01,35.03,0.0,26.7,0.0
1955-07-01,35.03,0.0,26.8,0.37
1955-08-01,35.03,0.0,26.8,0.0
1955-09-01,35.03,0.0,26.9,0.37
1955-10-01,35.03,0.0,26.9,0.0
1955-11-01,35.03,0.0,26.9,0.0
1955-12-01,35.03,0.0,26.8,-0.37
1956-01-01,34.99,-0.0011425308297985382,26.8,0.0
1956-02-01,34.99,0.0,26.8,0.0
1956-03-01,34.99,0.0,26.8,0.0
1956-04-01,34.99,0.0,26.9,0.37
1956-05-01,34.99,0.0,27.0,0.37
1956-06-01,34.99,0.0,27.2,0.74
1956-07-01,34.99,0.0,27.4,0.74
1956-08-01,34.99,0.0,27.3,-0.36
1956-09-01,34.99,0.0,27.4,0.37
1956-10-01,34.99,0.0,27.5,0.36
1956-11-01,34.99,0.0,27.5,0.0
1956-12-01,34.99,0.0,27.6,0.36
1957-01-01,34.95,-0.001143837699777439,27.6,0.0
1957-02-01,34.95,0.0,27.7,0.36
1957-03-01,34.95,0.0,27.8,0.36
1957-04-01,34.95,0.0,27.9,0.36
1957-05-01,34.95,0.0,28.0,0.36
1957-06-01,34.95,0.0,28.1,0.36
1957-07-01,34.95,0.0,28.3,0.71
1957-08-01,34.95,0.0,28.3,0.0
1957-09-01,34.95,0.0,28.3,0.0
1957-10-01,34.95,0.0,28.3,0.0
1957-11-01,34.95,0.0,28.4,0.35
1957-12-01,34.95,0.0,28.4,0.0
1958-01-01,35.1,0.004282661792000653,28.6,0.7
1958-02-01,35.1,0.0,28.6,0.0
1958-03-01,35.1,0.0,28.8,0.7
1958-04-01,35.1,0.0,28.9,0.35
1958-05-01,35.1,0.0,28.9,0.0
1958-06-01,35.1,0.0,28.9,0.0
1958-07-01,35.1,0.0,29.0,0.35
1958-08-01,35.1,0.0,28.9,-0.34
1958-09-01,35.1,0.0,28.9,0.0
1958-10-01,35.1,0.0,28.9,0.0
1958-11-01,35.1,0.0,29.0,0.35
1958-12-01,35.1,0.0,28.9,-0.34
1959-01-01,35.1,0.0,29.0,0.35
1959-02-01,35.1,0.0,28.9,-0.34
1959-03-01,35.1,0.0,28.9,0.0
1959-04-01,35.1,0.0,29.0,0.35
1959-05-01,35.1,0.0,29.0,0.0
1959-06-01,35.1,0.0,29.1,0.34
1959-07-01,35.1,0.0,29.2,0.34
1959-08-01,35.1,0.0,29.2,0.0
1959-09-01,35.1,0.0,29.3,0.34
1959-10-01,35.1,0.0,29.4,0.34
1959-11-01,35.1,0.0,29.4,0.0
1959-12-01,35.1,0.0,29.4,0.0
1960-01-01,35.27,0.004831613776140831,29.3,-0.34
1960-02-01,35.27,0.0,29.4,0.34
1960-03-01,35.27,0.0,29.4,0.0
1960-04-01,35.27,0.0,29.5,0.34
1960-05-01,35.27,0.0,29.5,0.0
1960-06-01,35.27,0.0,29.6,0.34
1960-07-01,35.27,0.0,29.6,0.0
1960-08-01,35.27,0.0,29.6,0.0
1960-09-01,35.27,0.0,29.6,0.0
1960-10-01,35.27,0.0,29.8,0.68
1960-11-01,35.27,0.0,29.8,0.0
1960-12-01,35.27,0.0,29.8,0.0
1961-01-01,35.25,-0.0005672149896831513,29.8,0.0
1961-02-01,35.25,0.0,29.8,0.0
1961-03-01,35.25,0.0,29.8,0.0
1961-04-01,35.25,0.0,29.8,0.0
1961-05-01,35.25,0.0,29.8,0.0
1961-06-01,35.25,0.0,29.8,0.0
1961-07-01,35.25,0.0,30.0,0.67
1961-08-01,35.25,0.0,29.9,-0.33
1961-09-01,35.25,0.0,30.0,0.33
1961-10-01,35.25,0.0,30.0,0.0
1961-11-01,35.25,0.0,30.0,0.0
1961-12-01,35.25,0.0,30.0,0.0
1962-01-01,35.23,-0.0005675369051316714,30.0,0.0
1962-02-01,35.23,0.0,30.1,0.33
1962-03-01,35.23,0.0,30.1,0.0
1962-04-01,35.23,0.0,30.2,0.33
1962-05-01,35.23,0.0,30.2,0.0
1962-06-01,35.23,0.0,30.2,0.0
1962-07-01,35.23,0.0,30.3,0.33
1962-08-01,35.23,0.0,30.3,0.0
1962-09-01,35.23,0.0,30.4,0.33
1962-10-01,35.23,0.0,30.4,0.0
1962-11-01,35.23,0.0,30.4,0.0
1962-12-01,35.23,0.0,30.4,0.0
1963-01-01,35.09,-0.00398180275802229,30.4,0.0
1963-02-01,35.09,0.0,30.4,0.0
1963-03-01,35.09,0.0,30.5,0.33
1963-04-01,35.09,0.0,30.5,0.0
1963-05-01,35.09,0.0,30.5,0.0
1963-06-01,35.09,0.0,30.6,0.33
1963-07-01,35.09,0.0,30.7,0.33
1963-08-01,35.09,0.0,30.7,0.0
1963-09-01,35.09,0.0,30.7,0.0
1963-10-01,35.09,0.0,30.8,0.33
1963-11-01,35.09,0.0,30.8,0.0
1963-12-01,35.09,0.0,30.9,0.32
1964-01-01,35.1,0.00028494087669628243,30.9,0.0
1964-02-01,35.1,0.0,30.9,0.0
1964-03-01,35.1,0.0,30.9,0.0
1964-04-01,35.1,0.0,30.9,0.0
1964-05-01,35.1,0.0,30.9,0.0
1964-06-01,35.1,0.0,31.0,0.32
1964-07-01,35.1,0.0,31.1,0.32
1964-08-01,35.1,0.0,31.0,-0.32
1964-09-01,35.1,0.0,31.1,0.32
1964-10-01,35.1,0.0,31.1,0.0
1964-11-01,35.1,0.0,31.2,0.32
1964-12-01,35.1,0.0,31.2,0.0
1965-01-01,35.12,0.0005696382950959311,31.2,0.0
1965-02-01,35.12,0.0,31.2,0.0
1965-03-01,35.12,0.0,31.3,0.32
1965-04-01,35.12,0.0,31.4,0.32
1965-05-01,35.12,0.0,31.4,0.0
1965-06-01,35.12,0.0,31.6,0.64
1965-07-01,35.12,0.0,31.6,0.0
1965-08-01,35.12,0.0,31.6,0.0
1965-09-01,35.12,0.0,31.6,0.0
1965-10-01,35.12,0.0,31.7,0.32
1965-11-01,35.12,0.0,31.7,0.0
1965-12-01,35.12,0.0,31.8,0.32
1966-01-01,35.13,0.0002846975108199423,31.8,0.0
1966-02-01,35.13,0.0,32.0,0.63
1966-03-01,35.13,0.0,32.1,0.31
1966-04-01,35.13,0.0,32.3,0.62
1966-05-01,35.13,0.0,32.3,0.0
1966-06-01,35.13,0.0,32.4,0.31
1966-07-01,35.13,0.0,32.5,0.31
1966-08-01,35.13,0.0,32.7,0.62
1966-09-01,35.13,0.0,32.7,0.0
1966-10-01,35.13,0.0,32.9,0.61
1966-11-01,35.13,0.0,32.9,0.0
1966-12-01,35.13,0.0,32.9,0.0
1967-01-01,34.95,-0.005136997597916526,32.9,0.0
1967-02-01,34.95,0.0,32.9,0.0
1967-03-01,34.95,0.0,33.0,0.3
1967-04-01,34.95,0.0,33.1,0.3
1967-05-01,34.95,0.0,33.2,0.3
1967-06-01,34.95,0.0,33.3,0.3
1967-07-01,34.95,0.0,33.4,0.3
1967-08-01,34.95,0.0,33.5,0.3
1967-09-01,34.95,0.0,33.6,0.3
1967-10-01,34.95,0.0,33.7,0.3
1967-11-01,34.95,0.0,33.8,0.3
1967-12-01,34.95,0.0,33.9,0.3
1968-01-01,35.5,0.01561422780155075,34.1,0.59
1968-02-01,36.0,0.013986241974739855,34.2,0.29
1968-03-01,37.0,0.027398974188114433,34.3,0.29
1968-04-01,37.86,0.022977233136952435,34.4,0.29
1968-05-01,40.7,0.07233294666737278,34.5,0.29
1968-06-01,41.14,0.010752791776261539,34.7,0.58
1968-07-01,39.46,-0.041693383630341696,34.9,0.58
1968-08-01,39.19,-0.0068658883829293416,35.0,0.29
1968-09-01,40.18,0.02494774717524839,35.1,0.29
1968-10-01,39.21,-0.024437543082548085,35.3,0.57
1968-11-01,39.78,0.014432457121585696,35.4,0.28
1968-12-01,41.08,0.032157111634531166,35.5,0.28
1969-01-01,42.3,0.029265700991874866,35.6,0.28
1969-02-01,42.6,0.007067167223092863,35.8,0.56
1969-03-01,43.16,0.013059887114609037,36.1,0.84
1969-04-01,43.31,0.0034694148366014588,36.3,0.55
1969-05-01,43.46,0.0034574196017480574,36.4,0.28
1969-06-01,41.44,-0.04759437687705592,36.6,0.55
1969-07-01,41.76,0.007692345623155461,36.8,0.55
1969-08-01,41.09,-0.01617416067906463,37.0,0.54
1969-09-01,40.87,-0.005368485319132699,37.1,0.27
1969-10-01,40.44,-0.010576903423915152,37.3,0.54
1969-11-01,37.4,-0.07814868973178424,37.5,0.54
1969-12-01,35.17,-0.06147725793459502,37.7,0.53
1970-01-01,34.94,-0.006561141779980684,37.8,0.27
1970-02-01,34.99,0.001430001673686121,38.0,0.53
1970-03-01,35.09,0.002853883215526931,38.2,0.53
1970-04-01,35.62,0.014991088266391728,38.5,0.79
1970-05-01,35.95,0.009221806305540259,38.6,0.26
1970-06-01,35.42,-0.014852451812368272,38.8,0.52
1970-07-01,35.32,-0.002827256618928242,39.0,0.52
1970-08-01,35.38,0.0016973129958799404,39.0,0.0
1970-09-01,36.19,0.022636148844012105,39.2,0.51
1970-10-01,37.52,0.036091286562372815,39.4,0.51
1970-11-01,37.44,-0.002134472528632969,39.6,0.51
1970-12-01,37.44,0.0,39.8,0.51
1971-01-01,37.88,0.01168361670848661,39.8,0.0
1971-02-01,38.74,0.02244938966097232,39.9,0.25
1971-03-01,38.87,0.003350086885281822,40.0,0.25
1971-04-01,39.01,0.0035952786544330984,40.1,0.25
1971-05-01,40.52,0.037977655861917814,40.3,0.5
1971-06-01,40.1,-0.010419345067959274,40.6,0.74
1971-07-01,40.95,0.020975475986555026,40.7,0.25
1971-08-01,42.71,0.042081274554296666,40.8,0.25
1971-09-01,42.03,-0.01604943583634988,40.8,0.0
1971-10-01,42.5,0.011120426913346027,40.9,0.25
1971-11-01,42.86,0.008434914115059478,40.9,0.0
1971-12-01,43.48,0.014362072207577903,41.1,0.49
1972-01-01,45.75,0.05089072946852147,41.1,0.0
1972-02-01,48.26,0.05341126847535538,41.3,0.49
1972-03-01,48.33,0.0014494256601071953,41.4,0.24
1972-04-01,49.03,0.014379869806149248,41.5,0.24
1972-05-01,54.62,0.10796776038241696,41.6,0.24
1972-06-01,62.09,0.12818482933124287,41.7,0.24
1972-07-01,65.66,0.055904966696644465,41.9,0.48
1972-08-01,67.03,0.020650368296419863,42.0,0.24
1972-09-01,65.46,-0.023701011296831886,42.1,0.24
1972-10-01,64.86,-0.009208168193862498,42.3,0.48
1972-11-01,62.91,-0.030525967297233336,42.4,0.24
1972-12-01,63.91,0.015770710080252215,42.5,0.24
1973-01-01,65.14,0.019062956185896596,42.6,0.24
1973-02-01,74.2,0.1302253503252473,42.9,0.7
1973-03-01,84.37,0.12844773800420128,43.3,0.93
1973-04-01,90.5,0.07013796252834492,43.6,0.69
1973-05-01,101.96,0.11923072880203378,43.9,0.69
1973-06-01,120.12,0.16391066360721496,44.2,0.68
1973-07-01,120.17,0.00041616380807862896,44.3,0.23
1973-08-01,106.76,-0.1183240823868843,45.1,1.81
1973-09-01,102.97,-0.03614564086766414,45.2,0.22
1973-10-01,100.08,-0.028467817510003712,45.6,0.88
1973-11-01,94.92,-0.05293543459109262,45.9,0.66
1973-12-01,106.72,0.1171741505997499,46.2,0.65
1974-01-01,129.19,0.19107560680489666,46.6,0.87
1974-02-01,150.13,0.15021739645200416,47.2,1.29
1974-03-01,168.42,0.11495927417763241,47.8,1.27
1974-04-01,172.24,0.022427993454261497,48.0,0.42
1974-05-01,163.27,-0.05348358091803451,48.6,1.25
1974-06-01,154.1,-0.057803529812002985,49.0,0.82
1974-07-01,142.98,-0.07489698198736505,49.4,0.82
1974-08-01,154.64,0.07839507456136996,50.0,1.21
1974-09-01,151.75,-0.018865404960467735,50.6,1.2
1974-10-01,158.78,0.045285166357359685,51.1,0.99
1974-11-01,181.66,0.1346172117771003,51.5,0.78
1974-12-01,183.78,0.011602581998671369,51.9,0.78
1975-01-01,176.27,-0.041722479640876386,52.1,0.39
1975-02-01,179.6,0.018715245436236927,52.5,0.77
1975-03-01,178.16,-0.008050132918987707,52.7,0.38
1975-04-01,169.84,-0.04782520555411107,52.9,0.38
1975-05-01,167.39,-0.014530398280472312,53.2,0.57
1975-06-01,164.24,-0.018997646403850155,53.6,0.75
1975-07-01,165.17,0.00564647382232053,54.2,1.12
1975-08-01,163.0,-0.013225045726236395,54.3,0.18
1975-09-01,144.17,-0.12275704198295045,54.6,0.55
1975-10-01,142.79,-0.00961813938160816,54.9,0.55
1975-11-01,142.42,-0.00259458088822484,55.3,0.73
1975-12-01,139.3,-0.02215055776821906,55.5,0.36
1976-01-01,131.05,-0.06105095101634461,55.6,0.18
1976-02-01,131.06,7.63038419355766e-05,55.8,0.36
1976-03-01,132.76,0.012887753240423017,55.9,0.18
1976-04-01,127.94,-0.03698158282978259,56.1,0.36
1976-05-01,126.92,-0.008004437306996515,56.5,0.71
1976-06-01,125.71,-0.009579299788255113,56.8,0.53
1976-07-01,117.73,-0.06558379983663443,57.1,0.53
1976-08-01,109.93,-0.06855006749933246,57.4,0.53
1976-09-01,114.15,0.037669573385032074,57.6,0.35
1976-10-01,116.15,0.017369086240613285,57.9,0.52
1976-11-01,130.46,0.11618420715153199,58.0,0.17
1976-12-01,133.93,0.026250609031080785,58.2,0.34
1977-01-01,132.26,-0.012547593152514303,58.5,0.52
1977-02-01,136.24,0.02964835410791622,59.1,1.03
1977-03-01,148.23,0.08434708517133593,59.5,0.68
1977-04-01,149.17,0.006321473640070074,60.0,0.84
1977-05-01,146.61,-0.01731059521566536,60.3,0.5
1977-06-01,140.78,-0.04057761177018815,60.7,0.66
1977-07-01,143.39,0.018369802546962077,61.0,0.49
1977-08-01,144.94,0.01075167295418833,61.2,0.33
1977-09-01,149.53,0.031177177914616827,61.4,0.33
1977-10-01,158.95,0.06109264576105922,61.6,0.33
1977-11-01,162.1,0.019623741384818594,61.9,0.49
1977-12-01,160.45,-0.010231061185764112,62.1,0.32
1978-01-01,173.18,0.07634914846378926,62.5,0.64
1978-02-01,178.14,0.028238241984068324,62.9,0.64
1978-03-01,183.61,0.030244184930372064,63.4,0.79
1978-04-01,175.28,-0.04642924764688505,63.9,0.79
1978-05-01,176.31,0.0058591140054575774,64.5,0.94
1978-06-01,183.75,0.041332328800277374,65.2,1.09
1978-07-01,188.73,0.026741284157101752,65.7,0.77
1978-08-01,206.3,0.08901399782715913,66.0,0.46
1978-09-01,212.08,0.027632141903563223,66.5,0.76
1978-10-01,227.44,0.06992290536197476,67.1,0.9
1978-11-01,206.2,-0.09803989575988492,67.4,0.45
1978-12-01,207.85,0.00797009411578653,67.7,0.45
1979-01-01,227.28,0.0893660718472864,68.3,0.89
1979-02-01,245.67,0.07780643440427415,69.1,1.17
1979-03-01,242.05,-0.014844855564503767,69.8,1.01
1979-04-01,239.11,-0.01222061929119267,70.6,1.15
1979-05-01,257.59,0.07444547650640043,71.5,1.27
1979-06-01,279.07,0.08009347280865065,72.3,1.12
1979-07-01,294.74,0.054630965375555895,73.1,1.11
1979-08-01,300.82,0.020418467441950305,73.8,0.96
1979-09-01,354.95,0.16546485525832733,74.6,1.08
1979-10-01,391.66,0.09841718200329552,75.2,0.8
1979-11-01,391.99,0.0008422127722997885,75.9,0.93
1979-12-01,455.08,0.14923689841052568,76.7,1.05
1980-01-01,675.31,0.39469861703301756,77.8,1.43
1980-02-01,665.32,-0.014903716782199261,78.9,1.41
1980-03-01,553.58,-0.18386185143910616,80.1,1.52
1980-04-01,517.41,-0.0675706795118094,81.0,1.12
1980-05-01,513.8,-0.007001512295635948,81.8,0.99
1980-06-01,600.72,0.15629485111584618,82.7,1.1
1980-07-01,643.27,0.0684356069972516,82.7,0.0
1980-08-01,627.15,-0.02537879631819706,83.3,0.73
1980-09-01,673.63,0.0714952522828014,84.0,0.84
1980-10-01,661.15,-0.018700255750652595,84.8,0.95
1980-11-01,624.77,-0.056597160995047524,85.5,0.83
1980-12-01,538.26,-0.1490418672085374,86.3,0.94
1981-01-01,557.39,0.034923459649922606,87.0,0.81
1981-02-01,499.76,-0.1091371912638559,87.9,1.03
1981-03-01,499.11,-0.0013014708455525437,88.5,0.68
1981-04-01,495.8,-0.006653892738671452,89.1,0.68
1981-05-01,479.7,-0.03301171109307166,89.8,0.79
1981-06-01,461.09,-0.0395676568001031,90.6,0.89
1981-07-01,409.07,-0.1197069611652033,91.6,1.1
1981-08-01,410.16,0.0026610369327331185,92.3,0.76
1981-09-01,443.75,0.0787140133141806,93.2,0.98
1981-10-01,437.76,-0.013590525795494912,93.4,0.21
1981-11-01,413.37,-0.0573277393202094,93.7,0.32
1981-12-01,410.09,-0.007966427869722459,94.0,0.32
1982-01-01,384.14,-0.06536957832749302,94.3,0.32
1982-02-01,374.13,-0.026403738875940164,94.6,0.32
1982-03-01,330.25,-0.12475338719833129,94.5,-0.11
1982-04-01,350.3,0.05893998680100676,94.9,0.42
1982-05-01,333.71,-0.048517577858855354,95.8,0.95
1982-06-01,314.98,-0.05776320759815157,97.0,1.25
1982-07-01,338.97,0.0734024631428305,97.5,0.52
1982-08-01,364.23,0.07187392833472916,97.7,0.21
1982-09-01,437.31,0.18285678953003703,97.9,0.2
1982-10-01,422.15,-0.03528162463852169,98.2,0.31
1982-11-01,414.89,-0.017347276260449185,98.0,-0.2
1982-12-01,444.5,0.06893663009889917,97.6,-0.41
1983-01-01,481.29,0.07951994407713503,97.8,0.2
1983-02-01,491.09,0.02015741135514748,97.9,0.1
1983-03-01,419.7,-0.15708724004669694,97.9,0.0
1983-04-01,432.88,0.03092038299493538,98.6,0.72
1983-05-01,438.01,0.011781187831569895,99.2,0.61
1983-06-01,412.84,-0.059181632468317424,99.5,0.3
1983-07-01,402.91,-0.02434689675383961,99.9,0.4
1983-08-01,416.2,0.03245270201564132,100.2,0.3
1983-09-01,411.8,-0.010628119365844846,100.7,0.5
1983-10-01,393.6,-0.04520262941559139,101.0,0.3
1983-11-01,381.7,-0.030700205426914096,101.2,0.2
1983-12-01,388.34,0.01724628481512358,101.3,0.1
1984-01-01,370.89,-0.04597572187936194,101.9,0.59
1984-02-01,385.96,0.039828214465237544,102.4,0.49
1984-03-01,394.26,0.02127685298564863,102.6,0.2
1984-04-01,381.37,-0.033240557642529645,103.1,0.49
1984-05-01,377.4,-0.010464399560852655,103.4,0.29
1984-06-01,377.7,0.0007945967839617651,103.7,0.29
1984-07-01,347.71,-0.08273143069251443,104.1,0.39
1984-08-01,347.7,-2.876001208118595e-05,104.5,0.38
1984-09-01,340.2,-0.021806359052054525,105.0,0.48
1984-10-01,341.0,0.0023487973217557467,105.3,0.29
1984-11-01,342.0,0.0029282597790878384,105.3,0.0
1984-12-01,319.54,-0.06792827546317959,105.3,0.0
1985-01-01,302.79,-0.05384296568054747,105.5,0.19
1985-02-01,299.1,-0.012261530282975386,106.0,0.47
1985-03-01,313.5,0.047021394437073205,106.4,0.38
1985-04-01,326.8,0.041549002912872446,106.9,0.47
1985-05-01,316.0,-0.03360614939893569,107.3,0.37
1985-06-01,316.5,0.0015810279973189623,107.6,0.28
1985-07-01,317.2,0.002209248176461287,107.8,0.19
1985-08-01,330.4,0.04077155188613002,108.0,0.19
1985-09-01,323.35,-0.021568713754220425,108.3,0.28
1985-10-01,325.85,0.00770182488578719,108.7,0.37
1985-11-01,321.5,-0.013439609100715622,109.0,0.28
1985-12-01,321.9,0.0012433946270888896,109.3,0.28
1986-01-01,347.48,0.07646617108695697,109.6,0.27
1986-02-01,338.89,-0.025031538443331947,109.3,-0.27
1986-03-01,345.7,0.01989577597919112,108.8,-0.46
1986-04-01,340.44,-0.015332448318818415,108.6,-0.18
1986-05-01,342.4,0.00574074565882654,108.9,0.28
1986-06-01,342.7,0.0008757846129761049,109.5,0.55
1986-07-01,348.34,0.016323585423076103,109.5,0.0
1986-08-01,376.66,0.07816390946296181,109.7,0.18
1986-09-01,417.73,0.10349236703919384,110.2,0.46
1986-10-01,423.51,0.013741835758422916,110.3,0.09
1986-11-01,397.56,-0.06323126046441274,110.4,0.09
1986-12-01,390.92,-0.01684293062916975,110.5,0.09
1987-01-01,408.26,0.04340129087480271,111.2,0.63
1987-02-01,401.12,-0.01764359193545495,111.6,0.36
1987-03-01,408.91,0.01923444851875189,112.1,0.45
1987-04-01,438.35,0.06952259510585979,112.7,0.54
1987-05-01,460.23,0.04870868649019755,113.1,0.35
1987-06-01,449.59,-0.02339030818554999,113.5,0.35
1987-07-01,450.52,0.0020664148402538274,113.8,0.26
1987-08-01,461.15,0.023320898502231735,114.4,0.53
1987-09-01,460.38,-0.0016711342640984839,115.0,0.52
1987-10-01,465.35,0.010737575214090356,115.3,0.26
1987-11-01,467.57,0.004759259508532843,115.4,0.09
1987-12-01,486.24,0.039153259028230636,115.4,0.0
1988-01-01,476.58,-0.020066729295387553,115.7,0.26
1988-02-01,442.07,-0.07516735929404295,116.0,0.26
1988-03-01,443.61,0.003477557474453441,116.5,0.43
1988-04-01,451.55,0.01774031064330206,117.1,0.52
1988-05-01,451.07,-0.00106357059503992,117.5,0.34
1988-06-01,451.33,0.0005762411506973208,118.0,0.43
1988-07-01,437.63,-0.03082497473584933,118.5,0.42
1988-08-01,431.28,-0.014616273373202482,119.0,0.42
1988-09-01,413.46,-0.04219675654624222,119.8,0.67
1988-10-01,406.78,-0.016288275839822397,120.2,0.33
1988-11-01,420.17,0.03238689253082505,120.3,0.08
1988-12-01,419.05,-0.002669146743258466,120.5,0.17
1989-01-01,404.01,-0.036550614414855076,121.1,0.5
1989-02-01,387.51,-0.04169797521802643,121.6,0.41
1989-03-01,390.15,0.006789625650736042,122.3,0.58
1989-04-01,384.4,-0.01484760346663272,123.1,0.65
1989-05-01,371.05,-0.03534685267999471,123.8,0.57
1989-06-01,367.6,-0.009341433934610954,124.1,0.24
1989-07-01,375.04,0.020037296467060983,124.4,0.24
1989-08-01,365.14,-0.02675184526322827,124.6,0.16
1989-09-01,361.75,-0.009327476173771387,125.0,0.32
1989-10-01,366.88,0.014081453598000948,125.6,0.48
1989-11-01,394.26,0.07197577102823782,125.9,0.24
1989-12-01,409.39,0.03765765680178568,126.1,0.16
1990-01-01,410.11,0.0017571694576172803,127.4,1.03
1990-02-01,416.81,0.016205066076567576,128.0,0.47
1990-03-01,393.06,-0.05866821050196247,128.7,0.55
1990-04-01,374.24,-0.049064969135971026,128.9,0.16
1990-05-01,369.05,-0.013965166619807512,129.2,0.23
1990-06-01,352.33,-0.04636389979662425,129.9,0.54
1990-07-01,362.53,0.02853899307167662,130.4,0.38
1990-08-01,394.73,0.08509475738329009,131.6,0.92
1990-09-01,389.32,-0.0138003593161109,132.7,0.84
1990-10-01,380.74,-0.022284900080649983,133.5,0.6
1990-11-01,381.73,0.002596824940885867,133.8,0.22
1990-12-01,376.95,-0.012600999760818077,133.8,0.0
1991-01-01,383.64,0.017592060202039406,134.6,0.6
1991-02-01,363.83,-0.05301788728390733,134.8,0.15
1991-03-01,363.34,-0.0013476905652440863,135.0,0.15
1991-04-01,358.38,-0.013745159038329291,135.2,0.15
1991-05-01,356.95,-0.003998160023799713,135.6,0.3
1991-06-01,366.72,0.027002898137850728,136.0,0.29
1991-07-01,367.69,0.0026415777673216567,136.2,0.15
1991-08-01,356.31,-0.031439053399383354,136.6,0.29
1991-09-01,348.74,-0.021474479564910887,137.2,0.44
1991-10-01,358.69,0.02813184681031977,137.4,0.15
1991-11-01,360.17,0.0041176365108848145,137.8,0.29
1991-12-01,361.73,0.00432193497239286,137.9,0.07
1992-01-01,354.45,-0.020330784881918973,138.1,0.15
1992-02-01,353.91,-0.0015246487791653607,138.6,0.36
1992-03-01,344.34,-0.027413102173534654,139.3,0.51
1992-04-01,338.62,-0.016751006648240363,139.5,0.14
1992-05-01,337.24,-0.004083691645610621,139.7,0.14
1992-06-01,340.81,0.010530294193200618,140.2,0.36
1992-07-01,352.72,0.034349403802006684,140.5,0.21
1992-08-01,343.06,-0.027769182068003495,140.9,0.28
1992-09-01,345.43,0.00688465877849076,141.3,0.28
1992-10-01,344.38,-0.0030443189021305272,141.8,0.35
1992-11-01,335.02,-0.027555467322498473,142.0,0.14
1992-12-01,334.82,-0.0005971575479017943,141.9,-0.07
1993-01-01,329.01,-0.017504928547412035,142.6,0.49
1993-02-01,329.31,0.0009114109271077808,143.1,0.35
1993-03-01,330.08,0.002335492955606533,143.6,0.35
1993-04-01,342.15,0.0359141880755649,144.0,0.28
1993-05-01,367.18,0.07060295363355351,144.2,0.14
1993-06-01,371.89,0.012745920588808524,144.4,0.14
1993-07-01,392.19,0.05314830462101039,144.4,0.0
1993-08-01,378.84,-0.03463246388397856,144.8,0.28
1993-09-01,355.28,-0.06420774137405338,145.1,0.21
1993-10-01,364.18,0.024742039919850356,145.7,0.41
1993-11-01,373.83,0.026152897719188495,145.8,0.07
1993-12-01,383.3,0.025016823763623464,145.8,0.0
1994-01-01,386.88,0.009296595039918643,146.2,0.27
1994-02-01,381.91,-0.012929588672626835,146.7,0.34
1994-03-01,384.13,0.005796058208292543,147.2,0.34
1994-04-01,377.27,-0.0180199254775113,147.4,0.14
1994-05-01,381.43,0.01096623616573833,147.5,0.07
1994-06-01,385.64,0.010976944145858702,148.0,0.34
1994-07-01,385.49,-0.0003890394664756158,148.4,0.27
1994-08-01,380.36,-0.01339707965845971,149.0,0.4
1994-09-01,391.58,0.029071664157883426,149.4,0.27
1994-10-01,389.77,-0.004633015262330176,149.5,0.07
1994-11-01,384.39,-0.01389915937720243,149.7,0.13
1994-12-01,379.29,-0.013356578197678992,149.7,0.0
1995-01-01,378.55,-0.0019529194426004537,150.3,0.4
1995-02-01,376.64,-0.005058340477403611,150.9,0.4
1995-03-01,382.12,0.014444871329896358,151.4,0.33
1995-04-01,391.03,0.023049587982953312,151.9,0.33
1995-05-01,385.22,-0.014969683728685013,152.2,0.2
1995-06-01,387.56,0.006056075860726651,152.5,0.2
1995-07-01,386.23,-0.0034376285807500295,152.5,0.0
1995-08-01,383.67,-0.006650238822714094,152.9,0.26
1995-09-01,383.06,-0.0015911732388236288,153.2,0.2
1995-10-01,383.14,0.00020882276244016396,153.7,0.33
1995-11-01,385.31,0.005647747460594488,153.6,-0.07
1995-12-01,387.44,0.005512792997423688,153.5,-0.07
1996-01-01,399.45,0.030527602833076983,154.4,0.59
1996-02-01,404.76,0.013205697933508453,154.9,0.32
1996-03-01,396.21,-0.021349925137736037,155.7,0.52
1996-04-01,392.85,-0.008516514101992279,156.3,0.39
1996-05-01,391.93,-0.002344607205715832,156.6,0.19
1996-06-01,385.27,-0.017138865222055877,156.7,0.06
1996-07-01,383.47,-0.004682996304516074,157.0,0.19
1996-08-01,387.35,0.010067286188368385,157.3,0.19
1996-09-01,383.14,-0.0109282194409559,157.8,0.32
1996-10-01,381.07,-0.0054173723518777805,158.3,0.32
1996-11-01,377.85,-0.008485793818348242,158.6,0.19
1996-12-01,369.0,-0.02370064742620226,158.6,0.0
1997-01-01,355.11,-0.03836904340661551,159.1,0.32
1997-02-01,346.58,-0.02431392842181257,159.6,0.31
1997-03-01,351.81,0.01497758492898349,160.0,0.25
1997-04-01,344.47,-0.02108425320788232,160.2,0.12
1997-05-01,343.84,-0.001830571039000084,160.1,-0.06
1997-06-01,340.76,-0.008998015719559938,160.3,0.12
1997-07-01,324.1,-0.050126307027138495,160.5,0.12
1997-08-01,324.01,-0.0002777306339307728,160.8,0.19
1997-09-01,322.82,-0.0036794871684371344,161.2,0.25
1997-10-01,324.87,0.006330209963263833,161.6,0.25
1997-11-01,306.04,-0.059709289944746224,161.5,-0.06
1997-12-01,288.74,-0.05818918316198296,161.3,-0.12
1998-01-01,289.1,0.001246019820632327,161.6,0.19
1998-02-01,297.49,0.028607961953061256,161.9,0.19
1998-03-01,295.94,-0.005223879900973394,162.2,0.19
1998-04-01,308.29,0.040884167352639444,162.5,0.18
1998-05-01,299.1,-0.030262932791125685,162.8,0.18
1998-06-01,292.32,-0.022928873006205386,163.0,0.12
1998-07-01,292.87,0.0018797319227843445,163.2,0.12
1998-08-01,284.11,-0.030367337438168995,163.4,0.12
1998-09-01,288.98,0.016995994451153074,163.6,0.12
1998-10-01,295.93,0.02376545830477017,164.0,0.24
1998-11-01,294.12,-0.006135092542214338,164.0,0.0
1998-12-01,291.68,-0.008330536397668453,163.9,-0.06
1999-01-01,287.08,-0.01589638836848195,164.3,0.24
1999-02-01,287.33,0.0008704584383467662,164.5,0.12
1999-03-01,285.96,-0.004779440101566834,165.0,0.3
1999-04-01,282.62,-0.011748701744050294,166.2,0.73
1999-05-01,276.44,-0.022109439931407238,166.2,0.0
1999-06-01,261.31,-0.05628635724138764,166.2,0.0
1999-07-01,256.08,-0.020217546320197677,166.7,0.3
1999-08-01,256.69,0.002379235476939634,167.1,0.24
1999-09-01,264.74,0.03087908114707716,167.9,0.48
1999-10-01,310.72,0.16014397281733572,168.2,0.18
1999-11-01,293.18,-0.05810543024107506,168.3,0.06
1999-12-01,283.07,-0.03509253798125034,168.3,0.0
2000-01-01,284.32,0.004406147525705784,168.8,0.3
2000-02-01,299.86,0.0532153346604165,169.8,0.59
2000-03-01,286.39,-0.045961180790969,171.2,0.82
2000-04-01,279.69,-0.023672671299076242,171.3,0.06
2000-05-01,275.19,-0.016220078787037906,171.5,0.12
2000-06-01,285.73,0.03758554078465082,172.4,0.52
2000-07-01,281.59,-0.01459519668461784,172.8,0.23
2000-08-01,274.47,-0.025610146930153732,172.8,0.0
2000-09-01,273.68,-0.002882424690204388,173.7,0.52
2000-10-01,270.0,-0.013537581670973964,174.0,0.17
2000-11-01,266.01,-0.014888056938350047,174.1,0.06
2000-12-01,271.45,0.02024405829143472,174.0,-0.06
2001-01-01,265.49,-0.02220078516222923,175.1,0.63
2001-02-01,261.87,-0.013728977773862283,175.8,0.4
2001-03-01,263.03,0.004419896698150794,176.2,0.23
2001-04-01,260.48,-0.009742011299343822,176.9,0.4
2001-05-01,272.36,0.0445986378005907,177.7,0.45
2001-06-01,270.23,-0.007851272384410635,178.0,0.17
2001-07-01,267.53,-0.010041738649872123,177.5,-0.28
2001-08-01,272.39,0.01800315330148905,177.5,0.0
2001-09-01,283.42,0.0396950335147519,178.3,0.45
2001-10-01,283.06,-0.0012710070910308957,177.7,-0.34
2001-11-01,276.16,-0.024678481410630226,177.4,-0.17
2001-12-01,275.85,-0.0011231681766226131,176.7,-0.39
2002-01-01,281.51,0.02031073120902871,177.1,0.23
2002-02-01,295.5,0.04850086591868408,177.8,0.4
2002-03-01,294.06,-0.004885008696642323,178.8,0.56
2002-04-01,302.68,0.028892313676809778,179.8,0.56
2002-05-01,314.49,0.03827613730627011,179.8,0.0
2002-06-01,321.18,0.02104943450075414,179.9,0.06
2002-07-01,313.29,-0.02487243447377807,180.1,0.11
2002-08-01,310.26,-0.009718623523381709,180.7,0.33
2002-09-01,319.14,0.028219222346096196,181.0,0.17
2002-10-01,316.56,-0.008117080905112317,181.3,0.17
2002-11-01,319.07,0.007897717371853297,181.3,0.0
2002-12-01,331.92,0.03948346157558991,180.9,-0.22
2003-01-01,356.86,0.07244957197867041,181.7,0.44
2003-02-01,358.97,0.0058952715335989225,183.1,0.77
2003-03-01,340.55,-0.052676861849554335,184.2,0.6
2003-04-01,328.18,-0.03699971934032309,183.8,-0.22
2003-05-01,355.68,0.08046921186888234,183.5,-0.16
2003-06-01,356.35,0.0018819437319930188,183.7,0.11
2003-07-01,351.02,-0.015070192048335151,183.9,0.11
2003-08-01,359.77,0.02462173648524768,184.6,0.38
2003-09-01,378.95,0.051939331873246175,185.2,0.33
2003-10-01,378.92,-7.916925070450276e-05,185.0,-0.11
2003-11-01,389.91,0.028590842254272886,184.5,-0.27
2003-12-01,406.953,0.04278175639728321,184.3,-0.11
2004-01-01,413.788,0.01665606571538447,185.2,0.49
2004-02-01,404.878,-0.021767978215882167,186.2,0.54
2004-03-01,406.67,0.004416258588519462,187.4,0.64
2004-04-01,403.26,-0.008420530536981552,188.0,0.32
2004-05-01,383.78,-0.04951204346833382,189.1,0.59
2004-06-01,392.37,0.02213580042757446,189.7,0.32
2004-07-01,398.09,0.014472838204850902,189.4,-0.16
2004-08-01,400.51,0.00606062461169099,189.5,0.05
2004-09-01,405.28,0.011839451267652734,189.9,0.21
2004-10-01,420.46,0.036771163783614114,190.9,0.53
2004-11-01,439.375,0.044003912527950106,191.0,0.05
2004-12-01,442.08,0.006137598610177264,190.3,-0.37
2005-01-01,424.03,-0.04168665372916447,190.7,0.21
2005-02-01,423.35,-0.001604947357655817,191.8,0.58
2005-03-01,433.85,0.024499592151212113,193.3,0.78
2005-04-01,429.23,-0.010705946441979641,194.6,0.67
2005-05-01,421.87,-0.017295696092809898,194.4,-0.1
2005-06-01,430.66,0.020621705973753457,194.5,0.05
2005-07-01,424.48,-0.014454025289032835,195.4,0.46
2005-08-01,437.93,0.031194189863264832,196.4,0.51
2005-09-01,456.05,0.04054337237347294,198.8,1.22
2005-10-01,469.9,0.029917453482602774,199.2,0.2
2005-11-01,476.67,0.014304521459615138,197.6,-0.8
2005-12-01,510.097,0.06777647614343696,196.8,-0.4
2006-01-01,549.86,0.07506279665795645,198.3,0.76
2006-02-01,555.0,0.009304413376655774,198.7,0.2
2006-03-01,557.09,0.003758693020505355,199.8,0.55
2006-04-01,610.65,0.09179715685015744,201.5,0.85
2006-05-01,675.393,0.10077078005205564,202.5,0.5
2006-06-01,596.145,-0.12481081760306889,202.9,0.2
2006-07-01,633.71,0.06110751047657814,203.5,0.3
2006-08-01,632.593,-0.0017641911765347018,203.9,0.2
2006-09-01,598.19,-0.055918816127125126,202.9,-0.49
2006-10-01,585.78,-0.02096413677336706,201.8,-0.54
2006-11-01,627.827,0.06932035834460404,201.5,-0.15
2006-12-01,629.791,0.003123367503705232,201.8,0.15
2007-01-01,631.17,0.002187221571094078,202.416,0.31
2007-02-01,664.75,0.051835790238090595,203.499,0.54
2007-03-01,654.895,-0.014936112681663616,205.352,0.91
2007-04-01,679.368,0.036688036793069756,206.686,0.65
2007-05-01,667.31,-0.017908248673735194,207.949,0.61
2007-06-01,655.66,-0.0176123436597182,208.352,0.19
2007-07-01,665.38,0.014715944123063984,208.299,-0.03
2007-08-01,665.41,4.5086001556171595e-05,207.917,-0.18
2007-09-01,712.65,0.06858702427533814,208.49,0.28
2007-10-01,754.6,0.057197391229170336,208.936,0.21
2007-11-01,806.248,0.06620357995654036,210.177,0.59
2007-12-01,803.2,-0.0037876385492863207,210.036,-0.07
2008-01-01,889.595,0.10216255403946128,211.08,0.5
2008-02-01,922.3,0.03610424726474726,211.693,0.29
2008-03-01,968.43,0.04880565327671782,213.528,0.87
2008-04-01,909.71,-0.06255033611585858,214.823,0.61
2008-05-01,888.663,-0.02340778137200772,216.632,0.84
2008-06-01,889.49,0.0009301787412319129,218.815,1.01
2008-07-01,939.77,0.054986899701986225,219.964,0.53
2008-08-01,839.03,-0.11338870179240068,219.086,-0.4
2008-09-01,829.93,-0.010905102796690436,218.783,-0.14
2008-10-01,806.62,-0.028488682315146008,216.573,-1.01
2008-11-01,760.86,-0.0584033050946422,212.425,-1.92
2008-12-01,816.09,0.07007527052494211,210.228,-1.03
2009-01-01,858.69,0.05088332910016824,211.143,0.44
2009-02-01,943.0,0.09365831053348384,212.193,0.5
2009-03-01,924.27,-0.020062045883947555,212.709,0.24
2009-04-01,890.2,-0.03755808016775575,213.24,0.25
2009-05-01,928.645,0.04228037787729999,213.856,0.29
2009-06-01,945.67,0.018167136525669036,215.693,0.86
2009-07-01,934.23,-0.012171010394435022,215.351,-0.16
2009-08-01,949.38,0.016086479368658146,215.834,0.22
2009-09-01,996.59,0.04853031172202105,215.969,0.06
2009-10-01,1043.16,0.0456703951980062,216.177,0.1
2009-11-01,1127.04,0.07734015898881275,216.33,0.07
2009-12-01,1134.724,0.0067947226704916375,215.949,-0.18
2010-01-01,1117.963,-0.01488117018304358,216.687,0.34
2010-02-01,1095.413,-0.020376818265190444,216.741,0.02
2010-03-01,1113.337,0.016230350620342726,217.631,0.41
2010-04-01,1148.69,0.031260350909912304,218.009,0.17
2010-05-01,1205.434,0.04821750543536485,218.178,0.08
2010-06-01,1232.92,0.02254567160307719,217.965,-0.1
2010-07-01,1192.97,-0.0329393435660279,218.011,0.02
2010-08-01,1215.81,0.01896452522509584,218.312,0.14
2010-09-01,1270.98,0.04437773510661103,218.439,0.06
2010-10-01,1342.02,0.054387685125814045,218.711,0.12
2010-11-01,1369.89,0.020554503077560682,218.803,0.04
2010-12-01,1390.55,0.014968907688126087,219.179,0.17
2011-01-01,1360.46,-0.02187647448036767,220.223,0.48
2011-02-01,1374.68,0.01039809890719745,221.309,0.49
2011-03-01,1423.26,0.03472903823624929,223.467,0.98
2011-04-01,1480.89,0.039693243391242916,224.906,0.64
2011-05-01,1512.58,0.02117354369797475,225.964,0.47
2011-06-01,1529.36,0.011032545152545481,225.722,-0.11
2011-07-01,1572.75,0.027976332229376233,225.922,0.09
2011-08-01,1759.01,0.11192547131958186,226.545,0.28
2011-09-01,1772.14,0.00743670504644367,226.889,0.15
2011-10-01,1666.43,-0.06150424215099193,226.421,-0.21
2011-11-01,1739.0,0.042626621689110245,226.23,-0.08
2011-12-01,1639.97,-0.058632286386279375,225.672,-0.25
2012-01-01,1654.05,0.008548876904793445,226.665,0.44
2012-02-01,1744.82,0.053424572580746954,227.663,0.44
2012-03-01,1675.95,-0.040271229792087304,229.392,0.76
2012-04-01,1649.2,-0.016089846828712062,230.085,0.3
2012-05-01,1589.04,-0.03716026154804464,229.815,-0.12
2012-06-01,1598.76,0.0060982684754202765,229.478,-0.15
2012-07-01,1594.29,-0.0027998327117018107,229.104,-0.16
2012-08-01,1630.31,0.022341684718775845,230.379,0.56
2012-09-01,1744.81,0.06787548641971064,231.407,0.45
2012-10-01,1746.58,0.0010139229084327184,231.317,-0.04
2012-11-01,1721.64,-0.01438226519703889,230.221,-0.47
2012-12-01,1684.762,-0.02165301737883496,229.601,-0.27
2013-01-01,1671.85,-0.007693509817921829,230.28,0.3
2013-02-01,1627.57,-0.02684269279106566,232.166,0.82
2013-03-01,1593.09,-0.021412578421192485,232.773,0.26
2013-04-01,1487.86,-0.06833668054412012,232.531,-0.1
2013-05-01,1414.03,-0.05089506230635532,232.945,0.18
2013-06-01,1343.35,-0.05127728949526489,233.504,0.24
2013-07-01,1285.52,-0.0440031884100458,233.596,0.04
2013-08-01,1351.742,0.050230825256988076,233.877,0.12
2013-09-01,1348.6,-0.0023271136900042677,234.149,0.12
2013-10-01,1316.58,-0.024029552024648737,233.546,-0.26
2013-11-01,1275.86,-0.031417004258882386,233.069,-0.2
2013-12-01,1221.51,-0.043532662696915025,233.049,-0.01
2014-01-01,1244.27,0.018461214229567702,233.916,0.37
2014-02-01,1299.58,0.04349212277635495,234.781,0.37
2014-03-01,1336.08,0.027698818217404053,236.293,0.64
2014-04-01,1298.45,-0.028568708150357836,237.072,0.33
2014-05-01,1288.74,-0.00750624854877735,237.9,0.35
2014-06-01,1279.1,-0.00750829123887975,238.343,0.19
2014-07-01,1310.59,0.024320711877853007,238.25,-0.04
2014-08-01,1295.13,-0.011866341287523063,237.852,-0.17
2014-09-01,1236.55,-0.046285832335209776,238.031,0.08
2014-10-01,1222.49,-0.011435481503996314,237.433,-0.25
2014-11-01,1175.33,-0.039340803145659464,236.151,-0.54
2014-12-01,1200.62,0.0212891308056804,234.812,-0.57
2015-01-01,1250.75,0.040905281351822254,233.707,-0.47
2015-02-01,1227.08,-0.019106008108807693,234.722,0.43
2015-03-01,1178.63,-0.040284616251249794,236.119,0.6
2015-04-01,1198.93,0.01707674532997583,236.599,0.2
2015-05-01,1198.63,-0.00025025442663917374,237.805,0.51
2015-06-01,1181.5,-0.014394420284631337,238.638,0.35
2015-07-01,1128.31,-0.046063879630762194,238.654,0.01
2015-08-01,1117.93,-0.009242177048154332,238.316,-0.14
2015-09-01,1124.77,0.006099809344416229,237.945,-0.16
2015-10-01,1159.25,0.03019467397910791,237.838,-0.04
2015-11-01,1086.44,-0.06486694829368389,237.336,-0.21
2015-12-01,1075.74,-0.009897499142494937,236.525,-0.34
2016-01-01,1097.91,0.020399575661474323,236.916,0.17
2016-02-01,1199.5,0.08849643078288416,237.111,0.08
2016-03-01,1245.14,0.037343170096250766,238.132,0.43
2016-04-01,1242.26,-0.0023156720165324884,239.261,0.47
2016-05-01,1260.95,0.014933103748748344,240.229,0.4
2016-06-01,1276.4,0.012178210295872738,241.018,0.33
2016-07-01,1336.66,0.04613034968480623,240.628,-0.16
2016-08-01,1340.17,0.002622506480935094,240.849,0.09
2016-09-01,1326.61,-0.01016965543954651,241.428,0.24
2016-10-01,1266.55,-0.04633014758902476,241.729,0.12
2016-11-01,1238.35,-0.02251682019787804,241.353,-0.16
2016-12-01,1157.36,-0.06763829902204588,241.432,0.03
2017-01-01,1192.1,0.029574908402620892,242.839,0.58
2017-02-01,1234.2,0.0347065291630102,243.603,0.31
2017-03-01,1231.42,-0.002255011865609724,243.801,0.08
2017-04-01,1266.88,0.028389209896409362,244.524,0.3
2017-05-01,1246.04,-0.01658666235691708,244.733,0.09
2017-06-01,1260.26,0.011347526303954858,244.955,0.09
2017-07-01,1236.84,-0.018758309028101827,244.786,-0.07
2017-08-01,1283.04,0.036672522222017,245.519,0.3
2017-09-01,1314.07,0.023896929017443114,246.819,0.53
2017-10-01,1279.51,-0.02665199895390913,246.663,-0.06
2017-11-01,1281.9,0.0018661601958367413,246.669,0.0
2017-12-01,1264.45,-0.01370610731052846,246.524,-0.06
2018-01-01,1331.3,0.05151866343031042,247.867,0.54
2018-02-01,1330.73,-0.00042824461686041815,248.991,0.45
2018-03-01,1324.66,-0.004571841102654517,249.554,0.23
2018-04-01,1334.76,0.007595677673581491,250.546,0.4
2018-05-01,1303.45,-0.023736905020284915,251.588,0.42
2018-06-01,1281.57,-0.01692870657123624,251.989,0.16
2018-07-01,1237.71,-0.03482299078477613,252.006,0.01
2018-08-01,1201.71,-0.02951735558853219,252.146,0.06
2018-09-01,1198.39,-0.0027665531582474756,252.439,0.12
2018-10-01,1215.39,0.01408602365459366,252.885,0.18
2018-11-01,1220.65,0.004318490808553399,252.038,-0.33
2018-12-01,1250.4,0.02407999637525915,251.233,-0.32
2019-01-01,1291.75,0.03253438806002684,251.712,0.19
2019-02-01,1320.07,0.021686877310095554,252.776,0.42
2019-03-01,1300.9,-0.014628432869876029,254.202,0.56
2019-04-01,1285.91,-0.011589693706874904,255.548,0.53
2019-05-01,1283.7,-0.0017201058097580102,256.092,0.21
2019-06-01,1359.04,0.057032035034025874,256.143,0.02
2019-07-01,1412.89,0.03885868398007908,256.571,0.17
2019-08-01,1500.41,0.06010115196989929,256.558,-0.01
2019-09-01,1510.58,0.0067552789445404215,256.759,0.08
2019-10-01,1494.81,-0.010494574572298632,257.346,0.23
2019-11-01,1470.79,-0.016199437064064348,257.208,-0.05
2019-12-01,1479.13,0.0056544056928595765,256.974,-0.09
2020-01-01,1560.67,0.05366113914392834,257.971,0.39
2020-02-01,1597.1,0.023074268442413448,258.678,0.27
2020-03-01,1591.93,-0.0032423680738835614,258.115,-0.22
2020-04-01,1683.17,0.055731803602259156,256.389,-0.67
2020-05-01,1715.91,0.01926463192940009,256.394,0.0
2020-06-01,1732.22,0.009460270721104003,257.797,0.55
2020-07-01,1846.51,0.06389354808804182,259.101,0.51
2020-08-01,1968.63,0.06404049840613357,259.918,0.32
2020-09-01,1921.92,-0.024013182980407777,260.28,0.14
2020-10-01,1900.27,-0.011328705033217368,260.388,0.04
2020-11-01,1866.3,-0.018038120132610302,260.229,-0.06
2020-12-01,1858.42,-0.00423119684503348,260.474,0.09
2021-01-01,1866.98,0.004595487767504736,261.582,0.43
2021-02-01,1808.17,-0.03200686803097863,263.014,0.55
2021-03-01,1718.23,-0.05102059289634919,264.877,0.71
2021-04-01,1760.04,0.024041844862437323,267.054,0.82
2021-05-01,1850.26,0.04998963369135012,269.195,0.8
2021-06-01,1834.57,-0.00851604813454454,271.696,0.93
2021-07-01,1807.84,-0.01467735914253332,273.003,0.48
2021-08-01,1785.28,-0.012557496803772494,273.567,0.21
2021-09-01,1775.14,-0.005695972618541489,274.31,0.27
2021-10-01,1776.85,0.0009628406229218456,276.589,0.83
2021-11-01,1821.76,0.024960933101172422,277.948,0.49
2021-12-01,1790.43,-0.017347252313265393,278.802,0.31
2022-01-01,1816.02,0.01419147886700145,281.148,0.84
2022-02-01,1856.3,0.021937965898724876,283.716,0.91
2022-03-01,1947.83,0.04813067318530262,287.504,1.34
2022-04-01,1936.86,-0.005647827322143861,289.109,0.56
2022-05-01,1848.5,-0.04669360570165004,292.296,1.1
2022-06-01,1836.57,-0.006474797861873327,296.311,1.37
2022-07-01,1732.74,-0.05819573090636343,296.276,-0.01
2022-08-01,1764.56,0.018197396895883067,296.171,-0.04
2022-09-01,1680.78,-0.04864339614000546,296.808,0.22
2022-10-01,1664.45,-0.009763232851194736,298.012,0.41
2022-11-01,1725.07,0.03577289083913815,297.711,-0.1
2022-12-01,1797.55,0.0411569972677448,296.797,-0.31
2023-01-01,1897.71,0.05422326946284173,299.17,0.8
2023-02-01,1854.54,-0.023011209229715668,300.84,0.56
2023-03-01,1912.73,0.030894854054631438,301.836,0.33
2023-04-01,1999.77,0.04450063302130225,303.363,0.51
2023-05-01,1992.13,-0.00382775586976436,304.127,0.25
2023-06-01,1942.9,-0.025022715810243845,305.109,0.32
2023-07-01,1951.02,0.004170610474756309,305.691,0.19
2023-08-01,1918.7,-0.01670443935976973,307.026,0.44
2023-09-01,1915.95,-0.0014342902071575736,307.789,0.25
2023-10-01,1916.25,0.00015656802912822343,307.671,-0.04
2023-11-01,1984.11,0.034800299670243895,307.051,-0.2
2023-12-01,2026.18,0.02098179602068395,306.746,-0.1
2024-01-01,2034.04,0.0038717162215684553,308.417,0.54
2024-02-01,2023.24,-0.00532377627786218,310.326,0.62
2024-03-01,2158.01,0.06448631390698178,312.332,0.65
2024-04-01,2331.45,0.07730389086937617,313.548,0.39
2024-05-01,2351.13,0.008405672033192424,314.069,0.17
2024-06-01,2326.44,-0.010556861491092029,314.175,0.03
2024-07-01,2398.2,0.030379253806215978,314.54,0.12
2024-08-01,2470.15,0.029560421577714102,314.796,0.08
2024-09-01,2570.55,0.03984100625192166,315.301,0.16
2024-10-01,2690.08,0.045451049155650125,315.664,0.12
2024-11-01,2651.13,-0.01458496874509052,315.493,-0.05
2024-12-01,2648.01,-0.0011775497007144864,315.605,0.04
2025-01-01,2709.69,0.023025822701855603,317.671,0.65
2025-02-01,2894.73,0.06605760522234139,319.082,0.44
2025-03-01,2983.25,0.03012146784075398,319.799,0.22
2025-04-01,3217.64,0.0756348613174076,320.795,0.31
2025-05-01,3309.49,0.02814592738276822,321.465,0.21
2025-06-01,3352.66,0.01295996164499158,322.561,0.34
2025-07-01,3340.15,-0.0037383444529766052,323.048,0.15
2025-08-01,3368.03,0.00831228754401181,323.976,0.29
2025-09-01,3667.68,0.08523130588139871,324.8,0.25
2025-10-01,4058.33,0.10121224935974205,,
2025-11-01,4087.19,0.007086133423735319,324.122,-0.21
2025-12-01,4309.23,0.05290154149402859,324.054,-0.02
2026-01-01,4752.75,0.09796416402686425,325.252,0.37
2026-02-01,5019.97,0.054700559700563645,326.785,0.47
2026-03-01,4855.54,-0.033303636491297084,330.213,1.05
2026-04-01,4721.42,-0.02801071928929666,333.02,0.85
2026-05-01,4587.21,-0.02883760568590432,335.123,0.63
