date,gs10_yield,yield_change,yield_12m_vol,yield_12m_mean,dv01_10y
1953-04-01,2.83,,,,9.238549061557912
1953-05-01,3.05,0.21999999999999975,,,9.218825812712275
1953-06-01,3.11,0.06000000000000005,,,9.213461351954225
1953-07-01,2.93,-0.17999999999999972,,,9.229573496551053
1953-08-01,2.95,0.020000000000000018,,,9.227780475959202
1953-09-01,2.87,-0.08000000000000007,,,9.234956741518422
1953-10-01,2.66,-0.20999999999999996,,,9.253847652444964
1953-11-01,2.68,0.020000000000000018,,,9.252045188936503
1953-12-01,2.59,-0.0900000000000003,,,9.260161809143192
1954-01-01,2.48,-0.10999999999999988,,,9.270101483216237
1954-02-01,2.47,-0.009999999999999787,,,9.27100614814092
1954-03-01,2.37,-0.10000000000000009,0.24254178021840928,2.749166666666667,9.280062518315912
1954-04-01,2.29,-0.08000000000000007,0.2742082265635944,2.704166666666667,9.287320363671913
1954-05-01,2.37,0.08000000000000007,0.2663942737577313,2.6475000000000004,9.280062518315912
1954-06-01,2.38,0.009999999999999787,0.2323529186127835,2.586666666666667,9.279156085172884
1954-07-01,2.3,-0.08000000000000007,0.21848479594838194,2.5341666666666667,9.286412512218964
1954-08-01,2.36,0.06000000000000005,0.17926618096106042,2.485,9.280969128565845
1954-09-01,2.38,0.020000000000000018,0.1335840445925224,2.444166666666667,9.279156085172884
1954-10-01,2.43,0.050000000000000266,0.11500988099842889,2.4250000000000003,9.274626574245827
1954-11-01,2.48,0.04999999999999982,0.08536907395467541,2.408333333333333,9.270101483216237
1954-12-01,2.51,0.029999999999999805,0.07196379561132067,2.401666666666667,9.267388547458786
1955-01-01,2.61,0.10000000000000009,0.09186205072627335,2.4125,9.25835688529383
1955-02-01,2.65,0.040000000000000036,0.11410720636951288,2.4274999999999998,9.254749147588894
1955-03-01,2.68,0.03000000000000025,0.13337120674223074,2.453333333333333,9.252045188936503
1955-04-01,2.75,0.06999999999999984,0.1475147655680819,2.4916666666666667,9.24574209245742
1955-05-01,2.76,0.009999999999999787,0.16064972248134587,2.5241666666666664,9.24484235110938
1955-06-01,2.78,0.020000000000000018,0.16928324837921294,2.5574999999999997,9.243043393656352
1955-07-01,2.9,0.1200000000000001,0.1748310873126093,2.6075,9.232264334305151
1955-08-01,2.97,0.07000000000000028,0.1847274815078757,2.658333333333333,9.225988151888899
1955-09-01,2.97,0.0,0.18241436346954742,2.7075,9.225988151888899
1955-10-01,2.88,-0.0900000000000003,0.1656666971526103,2.7449999999999997,9.234059097978228
1955-11-01,2.89,0.010000000000000231,0.14730662722444832,2.779166666666667,9.233161628924094
1955-12-01,2.96,0.06999999999999984,0.1286526919715063,2.816666666666667,9.226884226884227
1956-01-01,2.9,-0.06000000000000005,0.1125294574228406,2.840833333333333,9.232264334305151
1956-02-01,2.84,-0.06000000000000005,0.09528267354974862,2.856666666666667,9.237650719564373
1956-03-01,2.96,0.1200000000000001,0.08135220844071706,2.8800000000000003,9.226884226884227
1956-04-01,3.18,0.2200000000000002,0.10891684345352101,2.9158333333333335,9.207210699748012
1956-05-01,3.07,-0.11000000000000032,0.10529899708866537,2.941666666666667,9.217036965169303
1956-06-01,3.0,-0.06999999999999984,0.09302980949429811,2.9600000000000004,9.223300970873787
1956-07-01,3.11,0.10999999999999988,0.10019299558170865,2.9775000000000005,9.213461351954225
1956-08-01,3.33,0.2200000000000002,0.14264546004947784,3.0075000000000003,9.193844962740732
1956-09-01,3.38,0.04999999999999982,0.17765304968000392,3.0416666666666665,9.189398336235248
1956-10-01,3.34,-0.040000000000000036,0.18887225119833545,3.08,9.19295529320689
1956-11-01,3.49,0.15000000000000036,0.21200343050397658,3.1300000000000003,9.179630882210843
1956-12-01,3.59,0.09999999999999964,0.2419663763268094,3.1824999999999997,9.170769379283714
1957-01-01,3.46,-0.1299999999999999,0.23646865382630333,3.2291666666666665,9.182292673497004
1957-02-01,3.34,-0.1200000000000001,0.20340100711886727,3.2708333333333335,9.19295529320689
1957-03-01,3.41,0.07000000000000028,0.18114952805666168,3.308333333333333,9.186732424330335
1957-04-01,3.48,0.06999999999999984,0.1825243860834799,3.3333333333333335,9.180517974487824
1957-05-01,3.6,0.1200000000000001,0.17705289399703958,3.3775,9.16988416988417
1957-06-01,3.8,0.19999999999999973,0.17254555832292326,3.4441666666666664,9.152215799614643
1957-07-01,3.93,0.13000000000000034,0.18969473084166177,3.5124999999999997,9.140767824497258
1957-08-01,3.93,0.0,0.2146508793366559,3.5625,9.140767824497258
1957-09-01,3.92,-0.010000000000000231,0.2290345349108247,3.6075,9.141647421093149
1957-10-01,3.97,0.050000000000000266,0.2342880899467762,3.66,9.137251130133691
1957-11-01,3.72,-0.25,0.2284516393356614,3.6791666666666667,9.159274971075975
1957-12-01,3.21,-0.5100000000000002,0.2653000017133255,3.6475000000000004,9.204534444336788
1958-01-01,3.09,-0.1200000000000001,0.30725569255273416,3.616666666666667,9.215248811717917
1958-02-01,3.05,-0.040000000000000036,0.3405910637807053,3.5925,9.218825812712275
1958-03-01,2.98,-0.06999999999999984,0.3816789067773954,3.5566666666666666,9.22509225092251
1958-04-01,2.88,-0.10000000000000009,0.42900165995299383,3.5066666666666664,9.234059097978228
1958-05-01,2.92,0.040000000000000036,0.4593869432584731,3.4500000000000006,9.230470268169453
1958-06-01,2.97,0.050000000000000266,0.4643560219826111,3.3808333333333334,9.225988151888899
1958-07-01,3.2,0.22999999999999998,0.43260311435015664,3.3200000000000003,9.205426356589147
1958-08-01,3.54,0.33999999999999986,0.39568410265123016,3.2875,9.175197991114544
1958-09-01,3.76,0.21999999999999975,0.37456540473493094,3.2741666666666664,9.15574402467232
1958-10-01,3.8,0.040000000000000036,0.34813790371058445,3.26,9.152215799614643
1958-11-01,3.74,-0.05999999999999961,0.3505796066602574,3.2616666666666667,9.157509157509157
1958-12-01,3.86,0.11999999999999966,0.3898824609203823,3.3158333333333334,9.146928557673792
1959-01-01,4.02,0.1599999999999997,0.43115770861364605,3.393333333333333,9.132859065564315
1959-02-01,3.96,-0.05999999999999961,0.4450834106369753,3.4691666666666663,9.138130050019237
1959-03-01,3.99,0.03000000000000025,0.4396348346966921,3.5533333333333332,9.135493797480526
1959-04-01,4.12,0.1299999999999999,0.4118325637999751,3.6566666666666663,9.124087591240876
1959-05-01,4.31,0.1899999999999995,0.38005083392045913,3.7724999999999995,9.107468123861567
1959-06-01,4.34,0.03000000000000025,0.31772868166332635,3.8866666666666667,9.104849530381445
1959-07-01,4.4,0.0600000000000005,0.26670833007863437,3.9866666666666664,9.099616858237548
1959-08-01,4.43,0.02999999999999936,0.25468191688433506,4.060833333333333,9.097002776979796
1959-09-01,4.68,0.25,0.29167619032070596,4.1375,9.075277034772641
1959-10-01,4.53,-0.14999999999999947,0.29101181898314643,4.198333333333333,9.088300009566632
1959-11-01,4.53,0.0,0.2662008241682954,4.264166666666667,9.088300009566632
1959-12-01,4.69,0.16000000000000014,0.2593815488402922,4.333333333333333,9.074410163339383
1960-01-01,4.72,0.02999999999999936,0.2612151093128694,4.391666666666667,9.071810542398778
1960-02-01,4.49,-0.22999999999999954,0.2237067208862934,4.435833333333334,9.09177911761891
1960-03-01,4.25,-0.2400000000000002,0.18601686140582463,4.4575000000000005,9.112709832134293
1960-04-01,4.28,0.03000000000000025,0.16406530481008252,4.470833333333334,9.110088224012275
1960-05-01,4.35,0.0699999999999994,0.16087591679944405,4.474166666666666,9.103977000479157
1960-06-01,4.15,-0.1999999999999993,0.18309626545684485,4.458333333333333,9.121459433509362
1960-07-01,3.9,-0.25000000000000044,0.24425520682394244,4.416666666666667,9.143407122232917
1960-08-01,3.8,-0.10000000000000009,0.30200717430772084,4.364166666666667,9.152215799614643
1960-09-01,3.8,0.0,0.32435834093381044,4.2908333333333335,9.152215799614643
1960-10-01,3.89,0.0900000000000003,0.3339331724108347,4.2375,9.14428722687458
1960-11-01,3.93,0.040000000000000036,0.33106233963903736,4.1875,9.140767824497258
1960-12-01,3.84,-0.0900000000000003,0.30356468034261774,4.116666666666666,9.14869029275809
1961-01-01,3.84,0.0,0.24525805828048886,4.043333333333334,9.14869029275809
1961-02-01,3.78,-0.06000000000000005,0.21094843546289424,3.984166666666667,9.153979572171902
1961-03-01,3.74,-0.03999999999999959,0.20377497987791035,3.9416666666666664,9.157509157509157
1961-04-01,3.78,0.03999999999999959,0.17776388834631254,3.9,9.153979572171902
1961-05-01,3.71,-0.06999999999999984,0.11562740578987844,3.846666666666667,9.160158133256196
1961-06-01,3.88,0.16999999999999993,0.06748175960056227,3.8241666666666667,9.14516750096265
1961-07-01,3.92,0.040000000000000036,0.06973434439269495,3.825833333333333,9.141647421093149
1961-08-01,4.04,0.1200000000000001,0.09238834374858271,3.8458333333333337,9.13110342176086
1961-09-01,3.98,-0.06000000000000005,0.09866917482479674,3.8608333333333333,9.136372379303712
1961-10-01,3.92,-0.06000000000000005,0.09984836989003484,3.8633333333333333,9.141647421093149
1961-11-01,3.94,0.020000000000000018,0.10049498706026422,3.8641666666666663,9.139888397152202
1961-12-01,4.06,0.11999999999999966,0.11474279537691846,3.8825000000000003,9.129348452815684
1962-01-01,4.08,0.020000000000000462,0.12693054650620547,3.9025,9.12759415833974
1962-02-01,4.04,-0.040000000000000036,0.12630830486863598,3.9241666666666664,9.13110342176086
1962-03-01,3.93,-0.10999999999999988,0.1122497216032203,3.94,9.140767824497258
1962-04-01,3.84,-0.0900000000000003,0.10561508156767162,3.9450000000000003,9.14869029275809
1962-05-01,3.87,0.03000000000000025,0.08032132438845649,3.9583333333333335,9.146047944546067
1962-06-01,3.91,0.040000000000000036,0.07809764672666475,3.960833333333333,9.14252718698874
1962-07-01,4.01,0.09999999999999964,0.07814128618125712,3.9683333333333337,9.133737140659552
1962-08-01,3.98,-0.029999999999999805,0.07499494932489074,3.963333333333333,9.136372379303712
1962-09-01,3.98,0.0,0.07499494932489074,3.9633333333333334,9.136372379303712
1962-10-01,3.93,-0.04999999999999982,0.07452374037035706,3.964166666666667,9.140767824497258
1962-11-01,3.92,-0.010000000000000231,0.07533259586660015,3.9625,9.141647421093149
1962-12-01,3.86,-0.06000000000000005,0.0739112899892787,3.945833333333333,9.146928557673792
1963-01-01,3.83,-0.029999999999999805,0.067621943721899,3.9250000000000003,9.149571414812675
1963-02-01,3.92,0.08999999999999986,0.05712824488496686,3.9150000000000005,9.141647421093149
1963-03-01,3.93,0.010000000000000231,0.05712824488496686,3.9150000000000005,9.140767824497258
1963-04-01,3.97,0.040000000000000036,0.05384461369759123,3.9258333333333333,9.137251130133691
1963-05-01,3.93,-0.040000000000000036,0.05089353117196656,3.9308333333333336,9.140767824497258
1963-06-01,3.99,0.06000000000000005,0.053107951810015964,3.9375000000000004,9.135493797480526
1963-07-01,4.02,0.02999999999999936,0.054411451557613254,3.938333333333333,9.132859065564315
1963-08-01,4.0,-0.019999999999999574,0.05608435205523002,3.94,9.134615384615385
1963-09-01,4.08,0.08000000000000007,0.06860073327640948,3.948333333333333,9.12759415833974
1963-10-01,4.11,0.03000000000000025,0.08249885214996103,3.963333333333333,9.124963980405342
1963-11-01,4.12,0.009999999999999787,0.09253991767684329,3.9800000000000004,9.124087591240876
1963-12-01,4.13,0.009999999999999787,0.09352928564213406,4.0025,9.123211370402382
1964-01-01,4.17,0.040000000000000036,0.08784887160587186,4.030833333333333,9.11970816933858
1964-02-01,4.15,-0.019999999999999574,0.08655003807572745,4.05,9.121459433509362
1964-03-01,4.22,0.0699999999999994,0.09039894743286853,4.074166666666667,9.11533294952984
1964-04-01,4.23,0.010000000000000675,0.09423937927459769,4.095833333333333,9.114458409287153
1964-05-01,4.2,-0.03000000000000025,0.082553930949122,4.118333333333333,9.117082533589251
1964-06-01,4.17,-0.03000000000000025,0.07290508566041476,4.133333333333333,9.11970816933858
1964-07-01,4.19,0.020000000000000462,0.06496502555572072,4.1475,9.117957577502638
1964-08-01,4.19,0.0,0.04618802153517978,4.163333333333333,9.117957577502638
1964-09-01,4.2,0.009999999999999787,0.03892494720808751,4.173333333333334,9.117082533589251
1964-10-01,4.19,-0.009999999999999787,0.033574882386593834,4.180000000000001,9.117957577502638
1964-11-01,4.15,-0.040000000000000036,0.02958039891551292,4.1825,9.121459433509362
1964-12-01,4.18,0.02999999999999936,0.024618298195884174,4.1866666666666665,9.118832789402957
1965-01-01,4.19,0.010000000000000675,0.024058010698907405,4.1883333333333335,9.117957577502638
1965-02-01,4.21,0.019999999999999574,0.0214617347995663,4.193333333333334,9.116207657614432
1965-03-01,4.21,0.0,0.02050498830663903,4.1925,9.116207657614432
1965-04-01,4.2,-0.009999999999999787,0.017056057308474037,4.19,9.117082533589251
1965-05-01,4.21,0.009999999999999787,0.017816403745568275,4.190833333333333,9.116207657614432
1965-06-01,4.21,0.0,0.017298624923480804,4.194166666666667,9.116207657614432
1965-07-01,4.2,-0.009999999999999787,0.01732050807571321,4.195,9.117082533589251
1965-08-01,4.25,0.04999999999999982,0.02335496832486381,4.2,9.112709832134293
1965-09-01,4.29,0.040000000000000036,0.0349350045864515,4.2075000000000005,9.109214689807269
1965-10-01,4.35,0.05999999999999961,0.05333570070504167,4.220833333333333,9.103977000479157
1965-11-01,4.45,0.10000000000000053,0.08050503466281705,4.245833333333334,9.09526089037817
1965-12-01,4.62,0.16999999999999993,0.131710771285905,4.2825,9.080481743452495
1966-01-01,4.61,-0.009999999999999787,0.1580635660393994,4.3175,9.081349775356085
1966-02-01,4.83,0.21999999999999975,0.21189441338610843,4.369166666666667,9.062291328818086
1966-03-01,4.87,0.040000000000000036,0.24919719585950986,4.424166666666666,9.058834747782969
1966-04-01,4.75,-0.1200000000000001,0.2547369409624555,4.47,9.069212410501192
1966-05-01,4.78,0.03000000000000025,0.25499108718826813,4.5175,9.066615766367628
1966-06-01,4.81,0.02999999999999936,0.24794152536434946,4.5675,9.064020608720542
1966-07-01,5.02,0.20999999999999996,0.2504344709548278,4.635833333333333,9.04589601980575
1966-08-01,5.22,0.20000000000000018,0.27033088591351884,4.716666666666666,9.028701767724767
1966-09-01,5.18,-0.040000000000000036,0.2646595869597337,4.790833333333333,9.032135386955694
1966-10-01,5.01,-0.16999999999999993,0.23118109128926762,4.845833333333334,9.046757451671269
1966-11-01,5.16,0.15000000000000036,0.21060518857460536,4.905,9.03385317611259
1966-12-01,4.84,-0.3200000000000003,0.19232233044521474,4.923333333333333,9.061426936283862
1967-01-01,4.58,-0.2599999999999998,0.19690599202911344,4.920833333333333,9.083954867087396
1967-02-01,4.63,0.04999999999999982,0.21309231176495544,4.904166666666666,9.079613877473
1967-03-01,4.54,-0.08999999999999986,0.23776739333502614,4.876666666666666,9.087430648555577
1967-04-01,4.59,0.04999999999999982,0.24970285371119585,4.863333333333333,9.08308633712592
1967-05-01,4.85,0.2599999999999998,0.24839332202022288,4.869166666666667,9.060562708631378
1967-06-01,5.02,0.16999999999999993,0.25122729054613313,4.886666666666666,9.04589601980575
1967-07-01,5.16,0.14000000000000057,0.2610410393835113,4.898333333333333,9.03385317611259
1967-08-01,5.28,0.1200000000000001,0.26823779590414704,4.903333333333333,9.02355623100304
1967-09-01,5.3,0.019999999999999574,0.28140340933947205,4.913333333333333,9.02184235517569
1967-10-01,5.48,0.1800000000000006,0.32535644788726387,4.952500000000001,9.0064467197573
1967-11-01,5.75,0.2699999999999996,0.3963890039143896,5.001666666666666,8.983451536643026
1967-12-01,5.7,-0.04999999999999982,0.43986223738664737,5.073333333333333,8.987701040681173
1968-01-01,5.53,-0.16999999999999993,0.4283398183685464,5.1525,9.002179475030799
1968-02-01,5.56,0.02999999999999936,0.40890096600521636,5.23,8.999621068586585
1968-03-01,5.74,0.1800000000000006,0.3696681558567689,5.329999999999999,8.98430111594477
1968-04-01,5.64,-0.10000000000000053,0.2953926508595244,5.4175,8.992805755395683
1968-05-01,5.87,0.23000000000000043,0.2621285250337362,5.5025,8.973269103617644
1968-06-01,5.72,-0.15000000000000036,0.2193982818086875,5.560833333333334,8.986000756715853
1968-07-01,5.5,-0.21999999999999975,0.18163191216069285,5.589166666666666,9.004739336492891
1968-08-01,5.42,-0.08000000000000007,0.1635658518113912,5.600833333333333,9.011572756592678
1968-09-01,5.46,0.040000000000000036,0.14189998611911173,5.614166666666667,9.008154750616347
1968-10-01,5.58,0.1200000000000001,0.13612327300848848,5.6225,8.997916272021216
1968-11-01,5.7,0.1200000000000001,0.13258502132136168,5.618333333333333,8.987701040681173
1968-12-01,6.03,0.33000000000000007,0.17763385904378118,5.645833333333333,8.959728378760728
1969-01-01,6.04,0.009999999999999787,0.20612588092686654,5.6883333333333335,8.958883440211242
1969-02-01,6.19,0.15000000000000036,0.2467040307491482,5.740833333333334,8.94622845842358
1969-03-01,6.3,0.10999999999999943,0.29480733307765833,5.7875000000000005,8.936970837253059
1969-04-01,6.17,-0.1299999999999999,0.31000977501694715,5.831666666666667,8.947913723273993
1969-05-01,6.32,0.15000000000000036,0.34076006843880885,5.869166666666666,8.935289691497367
1969-06-01,6.57,0.25,0.39150060954323496,5.94,8.914328610303086
1969-07-01,6.72,0.14999999999999947,0.42391751627652463,6.041666666666667,8.901799100449775
1969-08-01,6.69,-0.02999999999999936,0.41299625796235223,6.1475,8.904302183897272
1969-09-01,7.16,0.46999999999999975,0.44598121308440664,6.289166666666667,8.865248226950353
1969-10-01,7.1,-0.0600000000000005,0.44209127674010174,6.415833333333334,8.870214752567694
1969-11-01,7.14,0.040000000000000036,0.42523701056177016,6.535833333333334,8.866903117416465
1969-12-01,7.65,0.5100000000000007,0.5005353194936415,6.670833333333333,8.824895494658616
1970-01-01,7.79,0.13999999999999968,0.5522899984828964,6.816666666666666,8.813433528156601
1970-02-01,7.24,-0.5499999999999998,0.5265575740485308,6.904166666666666,8.85863483774711
1970-03-01,7.07,-0.16999999999999993,0.4920242664624112,6.968333333333334,8.872700102736527
1970-04-01,7.39,0.3199999999999994,0.4347831225293348,7.07,8.846261290622962
1970-05-01,7.91,0.5200000000000005,0.4276601241852889,7.202500000000001,8.803632656843666
1970-06-01,7.84,-0.07000000000000028,0.4138254646001258,7.308333333333334,8.809347181008901
1970-07-01,7.46,-0.3799999999999999,0.37111625230817835,7.37,8.840498790247533
1970-08-01,7.53,0.07000000000000028,0.30442195596362964,7.44,8.83474379243002
1970-09-01,7.39,-0.14000000000000057,0.29218482112691024,7.459166666666667,8.846261290622962
1970-10-01,7.33,-0.05999999999999961,0.27342385788478824,7.478333333333333,8.851206559209913
1970-11-01,6.84,-0.4900000000000002,0.31735650539282517,7.453333333333333,8.89180082366155
1970-12-01,6.39,-0.4500000000000002,0.4335442377204438,7.348333333333334,8.929410658896511
1971-01-01,6.24,-0.14999999999999947,0.5135165454240368,7.219166666666666,8.942018072289157
1971-02-01,6.11,-0.1299999999999999,0.6048365669561216,7.125,8.952973329563662
1971-03-01,5.7,-0.41000000000000014,0.7320762296787133,7.010833333333333,8.987701040681173
1971-04-01,5.83,0.1299999999999999,0.7944747645552663,6.8808333333333325,8.976660682226212
1971-05-01,6.39,0.5599999999999996,0.7343699629098651,6.754166666666666,8.929410658896511
1971-06-01,6.52,0.1299999999999999,0.6510754506385851,6.644166666666666,8.918512955313556
1971-07-01,6.73,0.21000000000000085,0.6000202016801073,6.583333333333333,8.900965052000375
1971-08-01,6.58,-0.15000000000000036,0.5212652148785859,6.504166666666666,8.913492212422593
1971-09-01,6.14,-0.4400000000000004,0.4478839135311673,6.3999999999999995,8.950442811381196
1971-10-01,5.93,-0.20999999999999996,0.35665958644911644,6.283333333333334,8.968186538279998
1971-11-01,5.81,-0.1200000000000001,0.3337153114421082,6.197500000000001,8.978357433134864
1971-12-01,5.93,0.1200000000000001,0.3360048250014226,6.159166666666667,8.968186538279998
1972-01-01,5.95,0.020000000000000462,0.3400668383501231,6.135000000000001,8.966493629070316
1972-02-01,6.08,0.1299999999999999,0.34037746426843885,6.1325,8.955505279034691
1972-03-01,6.07,-0.009999999999999787,0.31332043816146304,6.163333333333333,8.95634958046573
1972-04-01,6.19,0.1200000000000001,0.29521435458241096,6.193333333333334,8.94622845842358
1972-05-01,6.13,-0.0600000000000005,0.2889426911826514,6.171666666666667,8.951286158484878
1972-06-01,6.11,-0.019999999999999574,0.2674500803038573,6.1375,8.952973329563662
1972-07-01,6.11,0.0,0.1917601879874023,6.085833333333333,8.952973329563662
1972-08-01,6.21,0.09999999999999964,0.12221441664696409,6.055,8.944543828264758
1972-09-01,6.55,0.33999999999999986,0.18783253340690137,6.089166666666667,8.916001877053025
1972-10-01,6.48,-0.0699999999999994,0.21112254089206442,6.134999999999999,8.921863260706235
1972-11-01,6.28,-0.20000000000000018,0.18763883748661278,6.174166666666667,8.938652615732028
1972-12-01,6.36,0.08000000000000007,0.17755920907479533,6.21,8.931929296728093
1973-01-01,6.46,0.09999999999999964,0.17056723547673508,6.2525,8.923539357505167
1973-02-01,6.64,0.17999999999999972,0.19406926286218792,6.299166666666667,8.90847711927982
1973-03-01,6.71,0.07000000000000028,0.21243715648289904,6.3525,8.902633305219755
1973-04-01,6.67,-0.040000000000000036,0.22393688234125625,6.392499999999999,8.905971688384739
1973-05-01,6.85,0.17999999999999972,0.24286640547651991,6.452500000000001,8.890968647636875
1973-06-01,6.9,0.05000000000000071,0.24858996298516228,6.5183333333333335,8.886810102899906
1973-07-01,7.13,0.22999999999999954,0.2697585901684908,6.603333333333333,8.867730794361991
1973-08-01,7.4,0.27000000000000046,0.32507691397574656,6.702500000000001,8.845437616387336
1973-09-01,7.09,-0.3100000000000005,0.339119850093249,6.7475,8.871043047903633
1973-10-01,6.79,-0.2999999999999998,0.32853208874222367,6.773333333333333,8.895964041576926
1973-11-01,6.73,-0.05999999999999961,0.29059369740187413,6.810833333333334,8.900965052000375
1973-12-01,6.74,0.009999999999999787,0.25559645039503287,6.842500000000001,8.90013115982762
1974-01-01,6.99,0.25,0.22776915480104623,6.886666666666667,8.879334517244601
1974-02-01,6.96,-0.03000000000000025,0.21461734799545243,6.913333333333333,8.881824981301422
1974-03-01,7.21,0.25,0.22002066018691513,6.955000000000001,8.86111370208003
1974-04-01,7.51,0.2999999999999998,0.2523525672185904,7.0249999999999995,8.836387312808112
1974-05-01,7.58,0.07000000000000028,0.291312338887102,7.085833333333333,8.830637664993493
1974-06-01,7.54,-0.040000000000000036,0.3120448200130307,7.139166666666667,8.8339222614841
1974-07-01,7.81,0.2699999999999996,0.3671130203315659,7.195833333333334,8.81179853445877
1974-08-01,8.04,0.22999999999999954,0.4389337977279418,7.2491666666666665,8.793039614957422
1974-09-01,8.04,0.0,0.4902843948962507,7.328333333333333,8.793039614957422
1974-10-01,7.9,-0.1399999999999988,0.4841573435705878,7.420833333333334,8.804448563484709
1974-11-01,7.68,-0.22000000000000064,0.4362234623342766,7.5,8.822436849925706
1974-12-01,7.43,-0.25,0.3669066019376723,7.5575,8.84296751372987
1975-01-01,7.5,0.07000000000000028,0.3219824952892971,7.599999999999999,8.837209302325581
1975-02-01,7.39,-0.11000000000000032,0.26276357618530755,7.635833333333333,8.846261290622962
1975-03-01,7.73,0.34000000000000075,0.226533494747287,7.679166666666666,8.818342151675486
1975-04-01,8.23,0.5,0.26902038899861175,7.739166666666667,8.777603252332995
1975-05-01,8.06,-0.16999999999999993,0.2787132228762302,7.779166666666666,8.791412178419396
1975-06-01,7.86,-0.20000000000000018,0.2688851844639955,7.805833333333333,8.807713702948266
1975-07-01,8.06,0.20000000000000018,0.27874176166653625,7.826666666666667,8.791412178419396
1975-08-01,8.4,0.33999999999999986,0.32009468296208926,7.8566666666666665,8.763837638376383
1975-09-01,8.43,0.02999999999999936,0.35796034146340894,7.889166666666667,8.761412893110762
1975-10-01,8.14,-0.28999999999999915,0.36525105521179213,7.909166666666668,8.78490845200666
1975-11-01,8.05,-0.08999999999999986,0.35972211497209094,7.94,8.792225821378992
1975-12-01,8.0,-0.05000000000000071,0.3219013118106987,7.9875,8.796296296296296
1976-01-01,7.74,-0.2599999999999998,0.2952079390408079,8.0075,8.817523668089846
1976-02-01,7.79,0.04999999999999982,0.23573707747608072,8.040833333333333,8.813433528156601
1976-03-01,7.73,-0.05999999999999961,0.23573707747608072,8.040833333333333,8.818342151675486
1976-04-01,7.56,-0.17000000000000082,0.264454842338645,7.985,8.832279657865376
1976-05-01,7.9,0.34000000000000075,0.26436315701676877,7.971666666666667,8.804448563484709
1976-06-01,7.86,-0.040000000000000036,0.26436315701676877,7.971666666666667,8.807713702948266
1976-07-01,7.83,-0.03000000000000025,0.26571088183826164,7.9525,8.810164147268848
1976-08-01,7.77,-0.0600000000000005,0.22895017322154543,7.900000000000001,8.815069128700008
1976-09-01,7.59,-0.17999999999999972,0.1739905953571086,7.829999999999999,8.829816897481178
1976-10-01,7.41,-0.17999999999999972,0.18312729469033245,7.769166666666667,8.844614095521832
1976-11-01,7.29,-0.1200000000000001,0.20703352092806757,7.7058333333333335,8.85450647777053
1976-12-01,6.87,-0.41999999999999993,0.2980492129386139,7.611666666666667,8.88930476279592
1977-01-01,7.21,0.33999999999999986,0.3160300618612001,7.567499999999999,8.86111370208003
1977-02-01,7.39,0.17999999999999972,0.31149079464971213,7.534166666666667,8.846261290622962
1977-03-01,7.46,0.07000000000000028,0.3057578760847753,7.511666666666667,8.840498790247533
1977-04-01,7.37,-0.08999999999999986,0.30793914196072775,7.495833333333333,8.847909099375988
1977-05-01,7.46,0.08999999999999986,0.2804041995967772,7.459166666666667,8.840498790247533
1977-06-01,7.28,-0.17999999999999972,0.2537521458335785,7.410833333333334,8.855331841909024
1977-07-01,7.33,0.04999999999999982,0.21706548376565657,7.3691666666666675,8.851206559209913
1977-08-01,7.4,0.07000000000000028,0.17765304967998843,7.338333333333334,8.845437616387336
1977-09-01,7.34,-0.0600000000000005,0.15915258544723648,7.3175,8.850381963853177
1977-10-01,7.52,0.17999999999999972,0.16789246197454244,7.326666666666667,8.835565476190476
1977-11-01,7.58,0.0600000000000005,0.18238113605269887,7.350833333333334,8.830637664993493
1977-12-01,7.69,0.11000000000000032,0.1326963953290641,7.4191666666666665,8.821617606091559
1978-01-01,7.96,0.2699999999999996,0.18963281904933976,7.4816666666666665,8.799555390885512
1978-02-01,8.03,0.0699999999999994,0.24377709639600253,7.535,8.793853559196519
1978-03-01,8.04,0.009999999999999787,0.2820487815104118,7.583333333333333,8.793039614957422
1978-04-01,8.15,0.11000000000000121,0.31622297465073956,7.648333333333333,8.78409616273694
1978-05-01,8.35,0.1999999999999993,0.36814337621983323,7.7225,8.767881864328565
1978-06-01,8.46,0.11000000000000121,0.39576067913766666,7.820833333333333,8.758989489212613
1978-07-01,8.64,0.17999999999999972,0.42746610710939936,7.93,8.744477172312223
1978-08-01,8.41,-0.23000000000000043,0.4128054424705722,8.014166666666666,8.76302924084494
1978-09-01,8.42,0.009999999999999787,0.3677315803021363,8.104166666666666,8.76222099243682
1978-10-01,8.64,0.22000000000000064,0.3475662134432285,8.1975,8.744477172312223
1978-11-01,8.81,0.16999999999999993,0.32982088803138127,8.299999999999999,8.730815182428085
1978-12-01,9.01,0.1999999999999993,0.32799667404077165,8.41,8.714796807632327
1979-01-01,9.1,0.08999999999999986,0.3501558094749825,8.505,8.707607699358388
1979-02-01,9.1,0.0,0.3544126596685312,8.594166666666668,8.707607699358388
1979-03-01,9.12,0.019999999999999574,0.3376242756602965,8.684166666666666,8.70601173020528
1979-04-01,9.18,0.0600000000000005,0.31994317677303963,8.770000000000001,8.701227331013005
1979-05-01,9.25,0.07000000000000028,0.31801943908564995,8.845,8.695652173913043
1979-06-01,8.91,-0.33999999999999986,0.29412814152398153,8.8825,8.722798641079791
1979-07-01,8.95,0.03999999999999915,0.28434400846774094,8.908333333333333,8.719596145020653
1979-08-01,9.03,0.08000000000000007,0.23813670634549045,8.96,8.713198202329634
1979-09-01,9.33,0.3000000000000007,0.190714366781732,9.035833333333334,8.689289307600841
1979-10-01,10.3,0.9700000000000006,0.3827996944363899,9.174166666666666,8.612873980054397
1979-11-01,10.65,0.34999999999999964,0.5539301728229145,9.3275,8.585630366018979
1979-12-01,10.39,-0.2599999999999998,0.6211883772254495,9.4425,8.605851979345955
1980-01-01,10.8,0.41000000000000014,0.7216957094022967,9.584166666666667,8.574007220216606
1980-02-01,12.41,1.6099999999999994,1.0688651586017355,9.86,8.451205408771461
1980-03-01,12.75,0.33999999999999986,1.3236871712276699,10.1625,8.425720620842572
1980-04-01,11.47,-1.2799999999999994,1.3341959330918267,10.353333333333333,8.522472414102449
1980-05-01,10.18,-1.290000000000001,1.2905774488635438,10.430833333333334,8.622254492648395
1980-06-01,9.78,-0.40000000000000036,1.2198758009309598,10.503333333333334,8.653670978320278
1980-07-01,10.25,0.47000000000000064,1.1232892716832863,10.611666666666666,8.616780045351474
1980-08-01,11.1,0.8499999999999996,1.0117173368569639,10.784166666666666,8.550855085508552
1980-09-01,11.51,0.41000000000000014,0.9182736602731733,10.965833333333334,8.519415299076316
1980-10-01,11.75,0.2400000000000002,0.9180942052409135,11.086666666666666,8.501118568232663
1980-11-01,12.68,0.9299999999999997,1.0124898054106912,11.255833333333333,8.43095491657792
1980-12-01,12.84,0.16000000000000014,1.067546039032751,11.459999999999999,8.419000354484226
1981-01-01,12.57,-0.2699999999999996,1.0901052909946425,11.6075,8.43919339077907
1981-02-01,13.19,0.6199999999999992,1.1631159169934888,11.6725,8.392967576641047
1981-03-01,13.12,-0.07000000000000028,1.1986381160856268,11.703333333333333,8.398161244695899
1981-04-01,13.68,0.5600000000000005,1.3228696424474544,11.887500000000001,8.356790992258972
1981-05-01,14.1,0.41999999999999993,1.3466757612954083,12.214166666666666,8.326029798422436
1981-06-01,13.47,-0.629999999999999,1.1467807378073713,12.521666666666667,8.372256984224904
1981-07-01,14.28,0.8099999999999987,1.0019991380870679,12.8575,8.312915645782288
1981-08-01,14.94,0.6600000000000001,1.002869745915529,13.1775,8.265181834000348
1981-09-01,15.32,0.3800000000000008,1.0297086966710276,13.495,8.23794658342005
1981-10-01,15.15,-0.16999999999999993,0.9720627863497311,13.778333333333334,8.250108554059922
1981-11-01,13.39,-1.7599999999999998,0.919309276280016,13.8375,8.378163859246847
1981-12-01,13.72,0.33000000000000007,0.8660617061086463,13.910833333333334,8.353851565247977
1982-01-01,14.59,0.8699999999999992,0.7730748327100262,14.079166666666667,8.290426738807925
1982-02-01,14.43,-0.16000000000000014,0.7247836667836135,14.1825,8.302018701389496
1982-03-01,13.86,-0.5700000000000003,0.6542095623843227,14.244166666666667,8.343579834884945
1982-04-01,13.87,0.009999999999999787,0.6414897434168578,14.26,8.342847106349346
1982-05-01,13.62,-0.25,0.6668378568082822,14.219999999999999,8.361204013377925
1982-06-01,14.3,0.6800000000000015,0.6236178657031702,14.289166666666667,8.31146106736658
1982-07-01,13.95,-0.3500000000000014,0.631287765146908,14.261666666666665,8.336989907854322
1982-08-01,13.06,-0.8899999999999988,0.6791103806384106,14.104999999999999,8.402618078896161
1982-09-01,12.34,-0.7200000000000006,0.7368277624486563,13.856666666666667,8.456471426028129
1982-10-01,10.91,-1.4299999999999997,1.0217661477099387,13.503333333333332,8.565503561446217
1982-11-01,10.55,-0.35999999999999943,1.3321638810824132,13.266666666666666,8.593396653098146
1982-12-01,10.54,-0.010000000000001563,1.5346828711989562,13.001666666666665,8.594174054640854
1983-01-01,10.46,-0.0799999999999983,1.6074718999381827,12.657499999999999,8.600398334238639
1983-02-01,10.72,0.2599999999999998,1.592275863109904,12.348333333333334,8.580202312138729
1983-03-01,10.51,-0.21000000000000085,1.596811927978152,12.069166666666666,8.596507103429554
1983-04-01,10.4,-0.10999999999999943,1.5546879254225008,11.78,8.605072463768115
1983-05-01,10.38,-0.019999999999999574,1.4859095775743727,11.51,8.606631636165972
1983-06-01,10.85,0.46999999999999886,1.2040396021877127,11.222500000000002,8.570139828597203
1983-07-01,11.38,0.5300000000000011,0.8518411432499126,11.008333333333333,8.529358951337763
1983-08-01,11.85,0.46999999999999886,0.6295037728242663,10.907499999999999,8.49351810460438
1983-09-01,11.65,-0.1999999999999993,0.506197949063753,10.85,8.508732646663681
1983-10-01,11.54,-0.11000000000000121,0.5442279769628499,10.902499999999998,8.517123901739287
1983-11-01,11.69,0.15000000000000036,0.5756912840624203,10.9975,8.505685379174501
1983-12-01,11.83,0.14000000000000057,0.6023212673406867,11.105000000000002,8.495037109898954
1984-01-01,11.67,-0.16000000000000014,0.5855759920148903,11.205833333333333,8.50720874003761
1984-02-01,11.84,0.16999999999999993,0.5903382440806471,11.299166666666666,8.494277539341917
1984-03-01,12.32,0.4800000000000004,0.6014981296728835,11.450000000000001,8.457977207977208
1984-04-01,12.63,0.3100000000000005,0.5920144091202809,11.635833333333332,8.434697682677793
1984-05-01,13.41,0.7799999999999994,0.6509270777944579,11.888333333333335,8.37668635922758
1984-06-01,13.56,0.15000000000000036,0.7239469886837095,12.114166666666664,8.36562169778091
1984-07-01,13.36,-0.20000000000000107,0.7658323853325929,12.279166666666667,8.380381086803105
1984-08-01,12.72,-0.6399999999999988,0.7626846522566484,12.351666666666667,8.427963094393187
1984-09-01,12.52,-0.20000000000000107,0.7305969954064516,12.424166666666666,8.44294347671525
1984-10-01,12.16,-0.35999999999999943,0.6827412438549252,12.475833333333334,8.470042796005707
1984-11-01,11.57,-0.5899999999999999,0.69604673737187,12.465833333333334,8.514833736667564
1984-12-01,11.5,-0.07000000000000028,0.7291817747352338,12.438333333333333,8.52017937219731
1985-01-01,11.38,-0.11999999999999922,0.7610693234860278,12.414166666666667,8.529358951337763
1985-02-01,11.51,0.129999999999999,0.7891460670569679,12.386666666666665,8.519415299076316
1985-03-01,11.86,0.34999999999999964,0.8037167449173693,12.348333333333334,8.492758805649919
1985-04-01,11.43,-0.4299999999999997,0.8393485930208183,12.248333333333335,8.525531723952257
1985-05-01,10.85,-0.5800000000000001,0.8425772152368782,12.034999999999998,8.570139828597203
1985-06-01,10.16,-0.6899999999999995,0.854717745365332,11.751666666666667,8.623819898329703
1985-07-01,10.31,0.15000000000000036,0.7834901519366999,11.4975,8.612093191913697
1985-08-01,10.33,0.019999999999999574,0.7474177769716951,11.298333333333334,8.610532040242909
1985-09-01,10.37,0.03999999999999915,0.6828477580003028,11.119166666666667,8.60741143426656
1985-10-01,10.24,-0.129999999999999,0.6404183055320853,10.959166666666668,8.617561683599419
1985-11-01,9.78,-0.46000000000000085,0.691625226944071,10.81,8.653670978320278
1985-12-01,9.26,-0.5199999999999996,0.7845129738000459,10.623333333333333,8.694856306058941
1986-01-01,9.19,-0.07000000000000028,0.8448933050804015,10.440833333333334,8.7004304423482
1986-02-01,8.7,-0.4900000000000002,0.9086286703632294,10.206666666666665,8.73965041398344
1986-03-01,7.78,-0.919999999999999,0.9931431585291849,9.866666666666665,8.814251252551493
1986-04-01,7.3,-0.4800000000000004,1.11077470917619,9.5225,8.853681267474371
1986-05-01,7.71,0.41000000000000014,1.1391101657420875,9.260833333333332,8.819979574784144
1986-06-01,7.8,0.08999999999999986,1.1729795652977326,9.064166666666667,8.812615955473097
1986-07-01,7.3,-0.5,1.2037768845923176,8.813333333333333,8.853681267474371
1986-08-01,7.17,-0.1299999999999999,1.1873576469700189,8.549999999999999,8.864421013343286
1986-09-01,7.45,0.28000000000000025,1.0742890531402471,8.306666666666667,8.841321544904607
1986-10-01,7.43,-0.020000000000000462,0.9079359709102431,8.0725,8.84296751372987
1986-11-01,7.25,-0.17999999999999972,0.7565091279066363,7.861666666666667,8.857808857808857
1986-12-01,7.11,-0.13999999999999968,0.6410095021278394,7.6825,8.869386611894315
1987-01-01,7.08,-0.03000000000000025,0.4511869867025154,7.506666666666667,8.871871497945461
1987-02-01,7.25,0.16999999999999993,0.2533218697565782,7.385833333333333,8.857808857808857
1987-03-01,7.25,0.0,0.22270377117814763,7.341666666666668,8.857808857808857
1987-04-01,8.02,0.7699999999999996,0.295537517487075,7.401666666666666,8.794667654138122
1987-05-01,8.61,0.5899999999999999,0.4530970863920541,7.476666666666667,8.746892551330449
1987-06-01,8.4,-0.20999999999999908,0.5201631445707162,7.526666666666667,8.763837638376383
1987-07-01,8.45,0.049999999999998934,0.5773942248664163,7.6225,8.75979714153988
1987-08-01,8.76,0.3100000000000005,0.6428417025562775,7.755,8.734828981243105
1987-09-01,9.42,0.6600000000000001,0.7920911142875751,7.9191666666666665,8.68214220435021
1987-10-01,9.52,0.09999999999999964,0.8975150880811599,8.093333333333332,8.674214755295838
1987-11-01,8.86,-0.6600000000000001,0.8801562361308354,8.2275,8.726805070733052
1987-12-01,8.99,0.13000000000000078,0.8289912636159167,8.384166666666665,8.716395999632994
1988-01-01,8.67,-0.3200000000000003,0.7217193276328321,8.516666666666666,8.742063126897948
1988-02-01,8.21,-0.4599999999999991,0.6136675637410521,8.596666666666666,8.779225579890952
1988-03-01,8.37,0.15999999999999837,0.45485262348469396,8.69,8.766263726123467
1988-04-01,8.72,0.3500000000000014,0.4030527448753015,8.748333333333333,8.73804267844003
1988-05-01,9.09,0.3699999999999992,0.41179945104235827,8.788333333333332,8.708405903382529
1988-06-01,8.92,-0.16999999999999993,0.3942042233373072,8.831666666666665,8.721997796547926
1988-07-01,9.06,0.14000000000000057,0.3795721275330948,8.8825,8.710801393728223
1988-08-01,9.26,0.1999999999999993,0.39213769226761375,8.924166666666666,8.694856306058941
1988-09-01,8.98,-0.27999999999999936,0.36088590491128414,8.887500000000001,8.717195815746008
1988-10-01,8.8,-0.17999999999999972,0.30106251238511317,8.8275,8.731617647058822
1988-11-01,8.96,0.16000000000000014,0.30341865266967166,8.835833333333333,8.718795888399413
1988-12-01,9.11,0.14999999999999858,0.31084805798253773,8.845833333333333,8.706809641646046
1989-01-01,9.09,-0.019999999999999574,0.3128885463295873,8.880833333333333,8.708405903382529
1989-02-01,9.17,0.08000000000000007,0.24001736048322223,8.960833333333333,8.702024365668224
1989-03-01,9.36,0.1899999999999995,0.18147543451754697,9.043333333333333,8.686905632772495
1989-04-01,9.18,-0.17999999999999972,0.15337614685550477,9.081666666666665,8.701227331013005
1989-05-01,8.86,-0.3200000000000003,0.16608458961953684,9.0625,8.726805070733052
1989-06-01,8.28,-0.5800000000000001,0.2798200179119461,9.009166666666667,8.773550055411896
1989-07-01,8.02,-0.2599999999999998,0.39852284068225574,8.9225,8.794667654138122
1989-08-01,8.11,0.08999999999999986,0.44548917614304234,8.826666666666666,8.787346221441124
1989-09-01,8.19,0.08000000000000007,0.47795888627548055,8.760833333333334,8.780848507255753
1989-10-01,8.01,-0.17999999999999972,0.5242397092240091,8.694999999999999,8.79548189982409
1989-11-01,7.87,-0.13999999999999968,0.5668486784340467,8.604166666666666,8.806897191063317
1989-12-01,7.84,-0.03000000000000025,0.5821720041570565,8.498333333333333,8.809347181008901
1990-01-01,8.21,0.370000000000001,0.5556895797933509,8.424999999999999,8.779225579890952
1990-02-01,8.47,0.2599999999999998,0.50478318177814,8.366666666666665,8.758181985802526
1990-03-01,8.59,0.11999999999999922,0.4063837192515588,8.3025,8.748503545446173
1990-04-01,8.79,0.1999999999999993,0.34000000000000385,8.270000000000001,8.732420259215
1990-05-01,8.76,-0.02999999999999936,0.32512468470736466,8.261666666666667,8.734828981243105
1990-06-01,8.48,-0.27999999999999936,0.3312190522993254,8.278333333333334,8.757374631268437
1990-07-01,8.47,-0.009999999999999787,0.32472249224483907,8.315833333333332,8.758181985802526
1990-08-01,8.75,0.27999999999999936,0.34003899063418824,8.369166666666667,8.735632183908047
1990-09-01,8.89,0.14000000000000057,0.3655910532026467,8.4275,8.7244007714207
1990-10-01,8.72,-0.16999999999999993,0.34895515036992775,8.486666666666666,8.73804267844003
1990-11-01,8.39,-0.33000000000000007,0.29325756597230634,8.53,8.764646185072422
1990-12-01,8.08,-0.3100000000000005,0.24635524977339232,8.549999999999999,8.78978534418949
1991-01-01,8.09,0.009999999999999787,0.2632661978095412,8.540000000000001,8.7889721528356
1991-02-01,7.85,-0.2400000000000002,0.3305046646166059,8.488333333333335,8.808530366249421
1991-03-01,8.11,0.2599999999999998,0.3457753693665991,8.448333333333332,8.787346221441124
1991-04-01,8.04,-0.07000000000000028,0.3461859283242159,8.385833333333332,8.793039614957422
1991-05-01,8.07,0.030000000000001137,0.3355276261037088,8.328333333333333,8.790598686036828
1991-06-01,8.28,0.20999999999999908,0.33226039441524186,8.311666666666666,8.773550055411896
1991-07-01,8.27,-0.009999999999999787,0.3285920377500491,8.295,8.774360395308026
1991-08-01,7.9,-0.3699999999999992,0.3128304313647914,8.224166666666667,8.804448563484709
1991-09-01,7.65,-0.25,0.27546517131220716,8.120833333333334,8.824895494658616
1991-10-01,7.53,-0.1200000000000001,0.25347882584452386,8.021666666666667,8.83474379243002
1991-11-01,7.42,-0.11000000000000032,0.27874583839807543,7.940833333333334,8.843790727983615
1991-12-01,7.09,-0.33000000000000007,0.3665027181676095,7.858333333333333,8.871043047903633
1992-01-01,7.03,-0.05999999999999961,0.428146109300429,7.77,8.876016070260674
1992-02-01,7.34,0.3099999999999996,0.44448386820098795,7.727499999999999,8.850381963853177
1992-03-01,7.54,0.20000000000000018,0.4301162633521365,7.680000000000001,8.8339222614841
1992-04-01,7.48,-0.05999999999999961,0.4177065810814962,7.633333333333333,8.838853740230741
1992-05-01,7.39,-0.09000000000000075,0.3987784377624341,7.576666666666667,8.846261290622962
1992-06-01,7.26,-0.1299999999999999,0.33954068797109516,7.491666666666667,8.85698303188514
1992-07-01,6.84,-0.41999999999999993,0.28866857372175475,7.3725,8.89180082366155
1992-08-01,6.59,-0.25,0.3173278583688755,7.263333333333333,8.9126559714795
1992-09-01,6.42,-0.16999999999999993,0.3745654047349414,7.160833333333333,8.926893441082504
1992-10-01,6.59,0.16999999999999993,0.3883795004420868,7.0825,8.9126559714795
1992-11-01,6.87,0.28000000000000025,0.37722270570178906,7.036666666666666,8.88930476279592
1992-12-01,6.77,-0.10000000000000053,0.3843530573929154,7.010000000000001,8.897630420530112
1993-01-01,6.6,-0.16999999999999993,0.40196015934042384,6.974166666666666,8.911819887429642
1993-02-01,6.26,-0.33999999999999986,0.4323605047418366,6.884166666666666,8.94033502729155
1993-03-01,5.98,-0.27999999999999936,0.451350666602404,6.754166666666666,8.96395546329496
1993-04-01,5.97,-0.010000000000000675,0.44096656919944177,6.628333333333334,8.964801358875153
1993-05-01,6.04,0.07000000000000028,0.3992141902500225,6.515833333333333,8.958883440211242
1993-06-01,5.96,-0.08000000000000007,0.3525781667040311,6.4075,8.965647414118534
1993-07-01,5.81,-0.15000000000000036,0.36293834521066337,6.321666666666666,8.978357433134864
1993-08-01,5.68,-0.1299999999999999,0.39539297674670265,6.245833333333334,8.989401968205906
1993-09-01,5.36,-0.3199999999999994,0.4651905767825541,6.1575,9.016704631738799
1993-10-01,5.33,-0.03000000000000025,0.499620310381261,6.052499999999999,9.01927276179626
1993-11-01,5.72,0.3899999999999997,0.43462279012608523,5.956666666666666,8.986000756715853
1993-12-01,5.77,0.04999999999999982,0.3526351019843729,5.873333333333334,8.9817528599792
1994-01-01,5.75,-0.019999999999999574,0.26880628374692533,5.802499999999999,8.983451536643026
1994-02-01,5.97,0.21999999999999975,0.2348242411729223,5.778333333333333,8.964801358875153
1994-03-01,6.48,0.5100000000000007,0.3070978523355468,5.82,8.921863260706235
1994-04-01,6.97,0.4899999999999993,0.45267554773277247,5.903333333333333,8.880994671403196
1994-05-01,7.18,0.20999999999999996,0.5844163107258711,5.998333333333334,8.863593954095913
1994-06-01,7.1,-0.08000000000000007,0.6647533149198904,6.093333333333333,8.870214752567694
1994-07-01,7.3,0.20000000000000018,0.7417194397295649,6.2175,8.853681267474371
1994-08-01,7.24,-0.05999999999999961,0.7749149513451095,6.3475,8.85863483774711
1994-09-01,7.46,0.21999999999999975,0.7687312451518657,6.5225,8.840498790247533
1994-10-01,7.74,0.28000000000000025,0.743252475558778,6.723333333333334,8.817523668089846
1994-11-01,7.96,0.21999999999999975,0.7496180845785948,6.91,8.799555390885512
1994-12-01,7.81,-0.15000000000000036,0.6970587558383561,7.079999999999999,8.81179853445877
1995-01-01,7.78,-0.02999999999999936,0.5817287454934134,7.2491666666666665,8.814251252551493
1995-02-01,7.47,-0.3100000000000005,0.42076679642018294,7.3741666666666665,8.839676188703825
1995-03-01,7.2,-0.2699999999999996,0.3212322392213429,7.434166666666666,8.861940298507463
1995-04-01,7.06,-0.14000000000000057,0.31027358406687394,7.441666666666666,8.873528862320194
1995-05-01,6.63,-0.4299999999999997,0.38424562062527606,7.395833333333333,8.909312576198069
1995-06-01,6.17,-0.45999999999999996,0.5193673307423475,7.318333333333334,8.947913723273993
1995-07-01,6.28,0.11000000000000032,0.5998686724962649,7.233333333333333,8.938652615732028
1995-08-01,6.49,0.20999999999999996,0.6370308731398662,7.170833333333333,8.921025448398911
1995-09-01,6.2,-0.29000000000000004,0.6869227604235325,7.065833333333334,8.945386064030131
1995-10-01,6.04,-0.16000000000000014,0.7101530991570982,6.924166666666667,8.958883440211242
1995-11-01,5.93,-0.11000000000000032,0.6822089789126924,6.755,8.968186538279998
1995-12-01,5.71,-0.21999999999999975,0.6558131662988453,6.580000000000001,8.986850818276418
1996-01-01,5.65,-0.05999999999999961,0.5860363780207202,6.4025,8.991954566966399
1996-02-01,5.81,0.15999999999999925,0.5008802857031498,6.264166666666667,8.978357433134864
1996-03-01,6.27,0.45999999999999996,0.4058511445285822,6.1866666666666665,8.939493742354381
1996-04-01,6.51,0.2400000000000002,0.32029697394006135,6.140833333333333,8.919350295746879
1996-05-01,6.74,0.23000000000000043,0.33672216764244517,6.1499999999999995,8.90013115982762
1996-06-01,6.91,0.16999999999999993,0.40212692101632436,6.211666666666666,8.885978860723974
1996-07-01,6.87,-0.040000000000000036,0.44502213087632536,6.260833333333333,8.88930476279592
1996-08-01,6.64,-0.23000000000000043,0.4540591337807281,6.273333333333333,8.90847711927982
1996-09-01,6.83,0.1900000000000004,0.480463002706457,6.325833333333333,8.89263315548067
1996-10-01,6.53,-0.2999999999999998,0.4747503331098214,6.366666666666666,8.917675772082982
1996-11-01,6.2,-0.33000000000000007,0.4582864989845572,6.389166666666667,8.945386064030131
1996-12-01,6.3,0.09999999999999964,0.407650325498208,6.4383333333333335,8.936970837253059
1997-01-01,6.58,0.28000000000000025,0.32396572022174563,6.515833333333333,8.913492212422593
1997-02-01,6.42,-0.16000000000000014,0.2401640853225016,6.566666666666666,8.926893441082504
1997-03-01,6.69,0.27000000000000046,0.22298933253464848,6.601666666666667,8.904302183897272
1997-04-01,6.89,0.1999999999999993,0.23542353838188682,6.633333333333333,8.887641500608103
1997-05-01,6.71,-0.17999999999999972,0.234344669754679,6.630833333333334,8.902633305219755
1997-06-01,6.49,-0.21999999999999975,0.2197708862070861,6.595833333333334,8.921025448398911
1997-07-01,6.22,-0.27000000000000046,0.22606649598307707,6.541666666666667,8.943701751082658
1997-08-01,6.3,0.08000000000000007,0.23379607794103882,6.513333333333333,8.936970837253059
1997-09-01,6.21,-0.08999999999999986,0.22582508650939642,6.461666666666667,8.944543828264758
1997-10-01,6.03,-0.17999999999999972,0.2561604610750629,6.420000000000001,8.959728378760728
1997-11-01,5.88,-0.15000000000000036,0.2948754231052876,6.3933333333333335,8.972421609369098
1997-12-01,5.81,-0.07000000000000028,0.3395217224273103,6.3525,8.978357433134864
1998-01-01,5.54,-0.2699999999999996,0.40297661410454044,6.265833333333333,9.001326511275346
1998-02-01,5.57,0.03000000000000025,0.4458393514179025,6.195,8.998768589561427
1998-03-01,5.65,0.08000000000000007,0.4419344528389588,6.108333333333334,8.991954566966399
1998-04-01,5.64,-0.010000000000000675,0.38452942512620414,6.004166666666666,8.992805755395683
1998-05-01,5.65,0.010000000000000675,0.3247504869709819,5.915833333333333,8.991954566966399
1998-06-01,5.5,-0.15000000000000036,0.2894613597492603,5.833333333333333,9.004739336492891
1998-07-01,5.46,-0.040000000000000036,0.28016229062977327,5.7700000000000005,9.008154750616347
1998-08-01,5.34,-0.1200000000000001,0.2505630024202124,5.69,9.018416555914184
1998-09-01,4.81,-0.5300000000000002,0.30618869206998717,5.573333333333334,9.064020608720542
1998-10-01,4.53,-0.27999999999999936,0.39586116329601717,5.448333333333333,9.088300009566632
1998-11-01,4.83,0.2999999999999998,0.407641962630181,5.360833333333333,9.062291328818086
1998-12-01,4.65,-0.17999999999999972,0.42845299590151864,5.264166666666667,9.077878643096035
1999-01-01,4.72,0.0699999999999994,0.4455121329504711,5.195833333333334,9.071810542398778
1999-02-01,5.0,0.28000000000000025,0.432179115505141,5.148333333333333,9.047619047619047
1999-03-01,5.23,0.23000000000000043,0.40394269020458257,5.113333333333333,9.027843770787799
1999-04-01,5.18,-0.05000000000000071,0.3698033875650198,5.075,9.032135386955694
1999-05-01,5.54,0.3600000000000003,0.3553348825937268,5.065833333333333,9.001326511275346
1999-06-01,5.9,0.3600000000000003,0.4137293435290616,5.099166666666666,8.970727101038717
1999-07-01,5.79,-0.11000000000000032,0.4493294667579548,5.126666666666667,8.980054825597882
1999-08-01,5.94,0.15000000000000036,0.5051432440107606,5.176666666666667,8.967340003775723
1999-09-01,5.92,-0.020000000000000462,0.5327707733816803,5.269166666666667,8.9690332326284
1999-10-01,6.11,0.1900000000000004,0.5287112690879793,5.400833333333334,8.952973329563662
1999-11-01,6.03,-0.08000000000000007,0.5243950338391525,5.5008333333333335,8.959728378760728
1999-12-01,6.28,0.25,0.49420888725561907,5.636666666666667,8.938652615732028
2000-01-01,6.66,0.3799999999999999,0.4842958024208296,5.798333333333333,8.906806675417213
2000-02-01,6.52,-0.14000000000000057,0.4543626905297835,5.925,8.918512955313556
2000-03-01,6.26,-0.2599999999999998,0.4058315443928067,6.010833333333333,8.94033502729155
2000-04-01,5.99,-0.2699999999999996,0.3114725533897952,6.078333333333333,8.963109727332768
2000-05-01,6.44,0.4500000000000002,0.27644934874990884,6.153333333333333,8.92521608417888
2000-06-01,6.1,-0.34000000000000075,0.26560394301565,6.170000000000001,8.953817153628652
2000-07-01,6.05,-0.04999999999999982,0.24127816211824335,6.191666666666666,8.958038661008958
2000-08-01,5.83,-0.21999999999999975,0.2534892861282783,6.1825,8.976660682226212
2000-09-01,5.8,-0.03000000000000025,0.2668034686976483,6.172499999999999,8.979206049149338
2000-10-01,5.74,-0.05999999999999961,0.2946132544489066,6.141666666666667,8.98430111594477
2000-11-01,5.72,-0.020000000000000462,0.3179610706112453,6.115833333333334,8.986000756715853
2000-12-01,5.24,-0.47999999999999954,0.40023761881557257,6.029166666666666,9.026985936906119
2001-01-01,5.16,-0.08000000000000007,0.41909986515114356,5.904166666666666,9.03385317611259
2001-02-01,5.1,-0.0600000000000005,0.4297453439027258,5.785833333333334,9.039010466222646
2001-03-01,4.89,-0.20999999999999996,0.4722062980084034,5.671666666666667,9.057107445895701
2001-04-01,5.14,0.25,0.48372528517244767,5.600833333333333,9.03557161879399
2001-05-01,5.39,0.25,0.4070142578099957,5.513333333333333,9.014137963753676
2001-06-01,5.28,-0.10999999999999943,0.3663704037272791,5.445,9.02355623100304
2001-07-01,5.24,-0.040000000000000036,0.31591497705441335,5.3775,9.026985936906119
2001-08-01,4.97,-0.27000000000000046,0.30113296167321085,5.305833333333333,9.050204820424883
2001-09-01,4.73,-0.23999999999999932,0.29991918103304993,5.216666666666666,9.070944333046883
2001-10-01,4.57,-0.16000000000000014,0.30446550284763646,5.1191666666666675,9.08482356316343
2001-11-01,4.65,0.08000000000000007,0.2668673487300478,5.03,9.077878643096035
2001-12-01,5.09,0.4399999999999995,0.25954943477290104,5.0175,9.039870587115805
2002-01-01,5.04,-0.04999999999999982,0.25584530126981353,5.007499999999999,9.044173648134045
2002-02-01,4.91,-0.1299999999999999,0.25547934744264683,4.991666666666666,9.0553808025927
2002-03-01,5.28,0.3700000000000001,0.2659616627648227,5.024166666666667,9.02355623100304
2002-04-01,5.21,-0.07000000000000028,0.2694776091221773,5.03,9.02955992776352
2002-05-01,5.16,-0.04999999999999982,0.24894169939363944,5.010833333333333,9.03385317611259
2002-06-01,4.93,-0.23000000000000043,0.23463059295739544,4.9816666666666665,9.05365481749738
2002-07-01,4.65,-0.27999999999999936,0.23737676228466792,4.9325,9.077878643096035
2002-08-01,4.26,-0.39000000000000057,0.3058024714013554,4.873333333333334,9.111835795127567
2002-09-01,3.87,-0.3899999999999997,0.42137940868133594,4.801666666666667,9.146047944546067
2002-10-01,3.94,0.06999999999999984,0.48700304896067814,4.7491666666666665,9.139888397152202
2002-11-01,4.05,0.10999999999999988,0.5272477136177826,4.699166666666667,9.13022585295531
2002-12-01,4.03,-0.019999999999999574,0.5443337601364362,4.610833333333334,9.131981159280977
2003-01-01,4.05,0.019999999999999574,0.5483832988196051,4.528333333333333,9.13022585295531
2003-02-01,3.9,-0.1499999999999999,0.5618226561555951,4.444166666666667,9.143407122232917
2003-03-01,3.81,-0.08999999999999986,0.5218469530660068,4.321666666666666,9.15133416819189
2003-04-01,3.96,0.1499999999999999,0.4479270435725785,4.2175,9.138130050019237
2003-05-01,3.57,-0.3900000000000001,0.37261971840670305,4.085,9.172540310900839
2003-06-01,3.33,-0.23999999999999977,0.326129738080789,3.9516666666666667,9.193844962740732
2003-07-01,3.98,0.6499999999999999,0.24227926536185693,3.8958333333333335,9.136372379303712
2003-08-01,4.45,0.4700000000000002,0.27255802829474185,3.9116666666666666,9.09526089037817
2003-09-01,4.27,-0.1800000000000006,0.29084516343055655,3.9450000000000003,9.110961925769637
2003-10-01,4.29,0.020000000000000462,0.3073777165086928,3.974166666666667,9.109214689807269
2003-11-01,4.3,0.009999999999999787,0.32114850713712045,3.9949999999999997,9.108341323106425
2003-12-01,4.27,-0.03000000000000025,0.3308528923308266,4.015,9.110961925769637
2004-01-01,4.15,-0.11999999999999922,0.33306655991463685,4.023333333333333,9.121459433509362
2004-02-01,4.08,-0.07000000000000028,0.3310543304308321,4.038333333333333,9.12759415833974
2004-03-01,3.83,-0.25,0.3298484500494687,4.04,9.149571414812675
2004-04-01,4.35,0.5199999999999996,0.34029732988565925,4.0725,9.103977000479157
2004-05-01,4.72,0.3700000000000001,0.3477677734386262,4.168333333333333,9.071810542398778
2004-06-01,4.73,0.010000000000000675,0.26623639529908805,4.285,9.070944333046883
2004-07-01,4.5,-0.23000000000000043,0.2541235681294072,4.328333333333334,9.090909090909092
2004-08-01,4.28,-0.21999999999999975,0.2514488320743385,4.314166666666666,9.110088224012275
2004-09-01,4.13,-0.15000000000000036,0.25687368668107047,4.3025,9.123211370402382
2004-10-01,4.1,-0.03000000000000025,0.26348480492103615,4.286666666666666,9.125840537944285
2004-11-01,4.19,0.09000000000000075,0.26488848425506006,4.2775,9.117957577502638
2004-12-01,4.23,0.040000000000000036,0.2652428846902816,4.274166666666667,9.114458409287153
2005-01-01,4.22,-0.010000000000000675,0.2630243680381198,4.28,9.11533294952984
2005-02-01,4.17,-0.04999999999999982,0.25803893293285207,4.2875000000000005,9.11970816933858
2005-03-01,4.5,0.33000000000000007,0.21968296716095106,4.343333333333334,9.090909090909092
2005-04-01,4.34,-0.16000000000000014,0.21967434575264277,4.3425,9.104849530381445
2005-05-01,4.14,-0.20000000000000018,0.19100015865463194,4.2941666666666665,9.122335317841367
2005-06-01,4.0,-0.13999999999999968,0.1517973130277962,4.233333333333333,9.134615384615385
2005-07-01,4.18,0.17999999999999972,0.12673044646272197,4.206666666666666,9.118832789402957
2005-08-01,4.26,0.08000000000000007,0.12580648920984766,4.205,9.111835795127567
2005-09-01,4.2,-0.05999999999999961,0.12361658709936672,4.210833333333333,9.117082533589251
2005-10-01,4.46,0.2599999999999998,0.1372097487482194,4.240833333333334,9.094390197204671
2005-11-01,4.54,0.08000000000000007,0.16062378404219593,4.2700000000000005,9.087430648555577
2005-12-01,4.47,-0.07000000000000028,0.1698662575515785,4.29,9.093519670718868
2006-01-01,4.42,-0.04999999999999982,0.17216975414531377,4.306666666666667,9.097873970503734
2006-02-01,4.57,0.15000000000000036,0.18175908130378746,4.34,9.08482356316343
2006-03-01,4.72,0.14999999999999947,0.20849387753536053,4.358333333333333,9.071810542398778
2006-04-01,4.99,0.27000000000000046,0.2766068756130187,4.4125000000000005,9.04848080769597
2006-05-01,5.11,0.1200000000000001,0.32689540538318607,4.493333333333333,9.038150508990581
2006-06-01,5.11,0.0,0.33162021907145567,4.585833333333333,9.038150508990581
2006-07-01,5.09,-0.020000000000000462,0.334414911948261,4.661666666666666,9.039870587115805
2006-08-01,4.88,-0.20999999999999996,0.31398706786730585,4.713333333333334,9.057971014492754
2006-09-01,4.72,-0.16000000000000014,0.2694213777485145,4.756666666666667,9.071810542398778
2006-10-01,4.73,0.010000000000000675,0.25317828189690994,4.779166666666667,9.070944333046883
2006-11-01,4.6,-0.13000000000000078,0.24857624889594795,4.784166666666667,9.082217973231357
2006-12-01,4.56,-0.040000000000000036,0.23942481580711536,4.791666666666667,9.085692425401682
2007-01-01,4.76,0.20000000000000018,0.2097184259473798,4.819999999999999,9.068346697212675
2007-02-01,4.72,-0.040000000000000036,0.19758197378218673,4.8325,9.071810542398778
2007-03-01,4.56,-0.16000000000000014,0.2108191095933323,4.819166666666667,9.085692425401682
2007-04-01,4.69,0.13000000000000078,0.20646189757808536,4.7941666666666665,9.074410163339383
2007-05-01,4.75,0.05999999999999961,0.18098007591670623,4.764166666666666,9.069212410501192
2007-06-01,5.1,0.34999999999999964,0.17925772879673044,4.763333333333333,9.039010466222646
2007-07-01,5.0,-0.09999999999999964,0.16571927705583223,4.755833333333333,9.047619047619047
2007-08-01,4.67,-0.33000000000000007,0.16247144271224623,4.738333333333333,9.076144071844846
2007-09-01,4.52,-0.15000000000000036,0.17434726753522353,4.721666666666667,9.089169536930731
2007-10-01,4.53,0.010000000000000675,0.18283126846166634,4.704999999999999,9.088300009566632
2007-11-01,4.15,-0.3799999999999999,0.24267917466937933,4.6675,9.121459433509362
2007-12-01,4.1,-0.05000000000000071,0.29243362365236614,4.629166666666666,9.125840537944285
2008-01-01,3.74,-0.35999999999999943,0.3846476151997015,4.5441666666666665,9.157509157509157
2008-02-01,3.74,0.0,0.44346005252091,4.4625,9.157509157509157
2008-03-01,3.51,-0.23000000000000043,0.5195365067232641,4.375,9.17785721186359
2008-04-01,3.68,0.17000000000000037,0.5450514293221249,4.2908333333333335,9.162808641975309
2008-05-01,3.88,0.19999999999999973,0.5362128704388524,4.218333333333334,9.14516750096265
2008-06-01,4.1,0.21999999999999975,0.45886222927429615,4.135000000000001,9.125840537944285
2008-07-01,4.01,-0.08999999999999986,0.36949904662201366,4.0525,9.133737140659552
2008-08-01,3.89,-0.11999999999999966,0.31568468157617346,3.9875000000000003,9.14428722687458
2008-09-01,3.69,-0.20000000000000018,0.276958590056515,3.9183333333333334,9.161924968656573
2008-10-01,3.81,0.1200000000000001,0.19958289839905022,3.858333333333334,9.15133416819189
2008-11-01,3.53,-0.28000000000000025,0.1974534851247534,3.806666666666667,9.176084226794167
2008-12-01,2.42,-1.1099999999999999,0.42963691506656143,3.6666666666666665,9.275532122632299
2009-01-01,2.52,0.10000000000000009,0.5406982018229567,3.565,9.266484588373002
2009-02-01,2.87,0.3500000000000001,0.5724925565217078,3.4924999999999997,9.234956741518422
2009-03-01,2.82,-0.050000000000000266,0.6043403616566633,3.435,9.239447578292161
2009-04-01,2.93,0.11000000000000032,0.6153805179059668,3.3725,9.229573496551053
2009-05-01,3.29,0.3599999999999999,0.59435730504524,3.323333333333333,9.19740536353955
2009-06-01,3.72,0.43000000000000016,0.5582412859448572,3.2916666666666665,9.159274971075975
2009-07-01,3.56,-0.16000000000000014,0.5193607667706917,3.2541666666666664,9.173426033217458
2009-08-01,3.59,0.029999999999999805,0.49249750037824824,3.2291666666666665,9.170769379283714
2009-09-01,3.4,-0.18999999999999995,0.47461946479645273,3.205,9.18762088974855
2009-10-01,3.39,-0.009999999999999787,0.44018591113718236,3.17,9.188509527033561
2009-11-01,3.4,0.009999999999999787,0.4320449962537628,3.159166666666667,9.18762088974855
2009-12-01,3.59,0.18999999999999995,0.37880993875161756,3.2566666666666664,9.170769379283714
2010-01-01,3.73,0.14000000000000012,0.3216187748929939,3.3575,9.158391979176708
2010-02-01,3.69,-0.040000000000000036,0.29460168281119,3.4258333333333333,9.161924968656573
2010-03-01,3.73,0.040000000000000036,0.23571297389121168,3.501666666666667,9.158391979176708
2010-04-01,3.85,0.1200000000000001,0.1745557130824697,3.578333333333333,9.1478093403948
2010-05-01,3.42,-0.43000000000000016,0.15831259832341593,3.589166666666667,9.185844130729066
2010-06-01,3.2,-0.21999999999999975,0.18768728020712497,3.545833333333333,9.205426356589147
2010-07-01,3.01,-0.1900000000000004,0.24293657982735906,3.5,9.222405591690126
2010-08-01,2.7,-0.3099999999999996,0.33235956250409315,3.4258333333333333,9.250243427458619
2010-09-01,2.65,-0.050000000000000266,0.40107431488520906,3.3633333333333333,9.254749147588894
2010-10-01,2.54,-0.10999999999999988,0.46577647780106013,3.2925,9.264677199141797
2010-11-01,2.76,0.21999999999999975,0.48843829671413386,3.2391666666666663,9.24484235110938
2010-12-01,3.29,0.5300000000000002,0.476377587697659,3.214166666666667,9.19740536353955
2011-01-01,3.39,0.10000000000000009,0.45241691016814956,3.185833333333333,9.188509527033561
2011-02-01,3.58,0.18999999999999995,0.44227373944887977,3.176666666666667,9.1716547596061
2011-03-01,3.41,-0.16999999999999993,0.41466306146736737,3.15,9.186732424330335
2011-04-01,3.46,0.04999999999999982,0.3674018112491095,3.1175,9.182292673497004
2011-05-01,3.17,-0.29000000000000004,0.3555874354395269,3.096666666666667,9.208103130755063
2011-06-01,3.0,-0.16999999999999993,0.3549903967971773,3.08,9.223300970873787
2011-07-01,3.0,0.0,0.3551813450602712,3.079166666666667,9.223300970873787
2011-08-01,2.3,-0.7000000000000002,0.4087332611715305,3.045833333333333,9.286412512218964
2011-09-01,1.98,-0.31999999999999984,0.5026837068087101,2.99,9.315552069033144
2011-10-01,2.15,0.16999999999999993,0.5452293095570306,2.9575,9.30004894762604
2011-11-01,2.01,-0.14000000000000012,0.6091648530421423,2.895,9.312812469365749
2011-12-01,1.98,-0.029999999999999805,0.648080499115172,2.785833333333333,9.315552069033144
2012-01-01,1.97,-0.010000000000000009,0.6573102906404674,2.6675,9.316465627145238
2012-02-01,1.97,0.0,0.6172126984691367,2.533333333333333,9.316465627145238
2012-03-01,2.17,0.19999999999999996,0.5580648382010844,2.43,9.298228442791425
2012-04-01,2.05,-0.1200000000000001,0.46158078185931634,2.3125,9.309162175404214
2012-05-01,1.8,-0.24999999999999978,0.39480336494226753,2.1983333333333333,9.332023575638507
2012-06-01,1.62,-0.17999999999999994,0.3367851576662536,2.0833333333333335,9.348553434363314
2012-07-01,1.53,-0.09000000000000008,0.220225435461674,1.9608333333333334,9.356840342755834
2012-08-01,1.68,0.1499999999999999,0.20566779627419615,1.9091666666666667,9.343036978756885
2012-09-01,1.72,0.040000000000000036,0.21114945159562426,1.8875,9.339362957137238
2012-10-01,1.75,0.030000000000000027,0.19704444968472803,1.8541666666666667,9.336609336609335
2012-11-01,1.65,-0.10000000000000009,0.19856111188134878,1.8241666666666667,9.345794392523365
2012-12-01,1.72,0.07000000000000006,0.19414731988421652,1.8025,9.339362957137238
2013-01-01,1.91,0.18999999999999995,0.19017336588216446,1.7975,9.32195074084977
2013-02-01,1.98,0.07000000000000006,0.1910180064494478,1.7983333333333336,9.315552069033144
2013-03-01,1.96,-0.020000000000000018,0.1611582132471451,1.7808333333333335,9.317379364456649
2013-04-01,1.76,-0.19999999999999996,0.13706888336862436,1.7566666666666666,9.33569182389937
2013-05-01,1.93,0.16999999999999993,0.14567242204857184,1.7674999999999998,9.320121652114196
2013-06-01,2.3,0.3699999999999999,0.20375824950776003,1.8241666666666667,9.286412512218964
2013-07-01,2.58,0.28000000000000025,0.277908857961338,1.9116666666666664,9.261064534997075
2013-08-01,2.74,0.16000000000000014,0.35527198287822126,2.0,9.246642008954643
2013-09-01,2.81,0.06999999999999984,0.41198981305445753,2.0908333333333333,9.240346269818112
2013-10-01,2.62,-0.18999999999999995,0.42296213742722893,2.1633333333333336,9.257454687195478
2013-11-01,2.72,0.10000000000000009,0.41765851645055235,2.2525,9.248442367601244
2013-12-01,2.9,0.17999999999999972,0.4197934196144033,2.3508333333333336,9.232264334305151
2014-01-01,2.86,-0.040000000000000036,0.41867757175534,2.43,9.235854559595568
2014-02-01,2.71,-0.1499999999999999,0.39996496058655956,2.4908333333333332,9.249342809852985
2014-03-01,2.72,0.010000000000000231,0.3670882562529425,2.5541666666666667,9.248442367601244
2014-04-01,2.71,-0.010000000000000231,0.26979228822914214,2.6333333333333333,9.249342809852985
2014-05-01,2.56,-0.1499999999999999,0.15905735576916868,2.6858333333333335,9.262870514820593
2014-06-01,2.6,0.040000000000000036,0.10841488771762499,2.7108333333333334,9.25925925925926
2014-07-01,2.54,-0.06000000000000005,0.11330770655023308,2.7075,9.264677199141797
2014-08-01,2.42,-0.1200000000000001,0.13957457005521484,2.6808333333333336,9.275532122632299
2014-09-01,2.53,0.10999999999999988,0.13942251024735536,2.6575,9.265580805617867
2014-10-01,2.3,-0.22999999999999998,0.17364846062901196,2.6308333333333334,9.286412512218964
2014-11-01,2.33,0.03000000000000025,0.19106559241814927,2.598333333333333,9.283690022476302
2014-12-01,2.21,-0.1200000000000001,0.19579480601038424,2.540833333333333,9.294589570492125
2015-01-01,1.88,-0.33000000000000007,0.2479904079279694,2.4591666666666665,9.324695720455438
2015-02-01,1.98,0.10000000000000009,0.2694719865128655,2.398333333333333,9.315552069033144
2015-03-01,2.04,0.06000000000000005,0.26716808918511686,2.341666666666667,9.310074480595844
2015-04-01,1.94,-0.10000000000000009,0.263097804144188,2.2775,9.319207376888365
2015-05-01,2.2,0.26000000000000023,0.24805149758585324,2.2475,9.29549902152642
2015-06-01,2.36,0.1599999999999997,0.2257160323786648,2.2275,9.280969128565845
2015-07-01,2.32,-0.040000000000000036,0.20610934138485787,2.2091666666666665,9.284597341673182
2015-08-01,2.17,-0.1499999999999999,0.1952077370549128,2.188333333333333,9.298228442791425
2015-09-01,2.17,0.0,0.1629184588757939,2.158333333333333,9.298228442791425
2015-10-01,2.07,-0.10000000000000009,0.15819770905912245,2.1391666666666667,9.307338101303028
2015-11-01,2.26,0.18999999999999995,0.1516774887915152,2.1333333333333333,9.29004498337571
2015-12-01,2.24,-0.019999999999999574,0.15329462620810308,2.1358333333333333,9.29186228482003
2016-01-01,2.09,-0.15000000000000036,0.13193203025080807,2.1533333333333333,9.305514741894408
2016-02-01,1.78,-0.30999999999999983,0.1644458094402647,2.1366666666666667,9.333857339359403
2016-03-01,1.89,0.10999999999999988,0.17763385904389836,2.1241666666666665,9.323780547649427
2016-04-01,1.81,-0.07999999999999985,0.19317130096158497,2.1133333333333333,9.331106963952461
2016-05-01,1.81,0.0,0.20939125332672526,2.080833333333333,9.331106963952461
2016-06-01,1.64,-0.17000000000000015,0.22472036495227252,2.020833333333333,9.346713892168438
2016-07-01,1.5,-0.1399999999999999,0.24885647561312496,1.9525,9.35960591133005
2016-08-01,1.56,0.06000000000000005,0.2623264216871647,1.9016666666666666,9.35407640803466
2016-09-01,1.63,0.06999999999999984,0.25839833004440604,1.8566666666666665,9.347633572763948
2016-10-01,1.76,0.13000000000000012,0.2505070615348574,1.8308333333333335,9.33569182389937
2016-11-01,2.14,0.3800000000000001,0.23364535414853113,1.8208333333333335,9.30095946739769
2016-12-01,2.49,0.3500000000000001,0.2808051195251897,1.8416666666666668,9.269196994828764
2017-01-01,2.43,-0.06000000000000005,0.32223650264426046,1.87,9.274626574245827
2017-02-01,2.42,-0.010000000000000231,0.3570671781290046,1.9233333333333336,9.275532122632299
2017-03-01,2.48,0.06000000000000005,0.391062073659139,1.9725000000000001,9.270101483216237
2017-04-01,2.3,-0.18000000000000016,0.39807110678953617,2.013333333333333,9.286412512218964
2017-05-01,2.3,0.0,0.4004419906538623,2.0541666666666667,9.286412512218964
2017-06-01,2.19,-0.10999999999999988,0.37966492403894053,2.1,9.296408650552891
2017-07-01,2.32,0.1299999999999999,0.3327525242943803,2.1683333333333334,9.284597341673182
2017-08-01,2.21,-0.10999999999999988,0.2721004159564552,2.2224999999999997,9.294589570492125
2017-09-01,2.2,-0.009999999999999787,0.19927140012839345,2.27,9.29549902152642
2017-10-01,2.36,0.1599999999999997,0.11862852638706449,2.32,9.280969128565845
2017-11-01,2.35,-0.009999999999999787,0.10428326807325865,2.3375,9.281875915974597
2017-12-01,2.4,0.04999999999999982,0.09515537533205679,2.33,9.27734375
2018-01-01,2.58,0.18000000000000016,0.11686238993729878,2.3425,9.261064534997075
2018-02-01,2.86,0.2799999999999998,0.1897107047986234,2.3791666666666664,9.235854559595568
2018-03-01,2.84,-0.020000000000000018,0.23106308990228247,2.4091666666666667,9.237650719564373
2018-04-01,2.87,0.03000000000000025,0.2629667567422804,2.4566666666666666,9.234956741518422
2018-05-01,2.98,0.10999999999999988,0.2971786525226699,2.513333333333333,9.22509225092251
2018-06-01,2.91,-0.06999999999999984,0.2986433973619989,2.5733333333333333,9.231367214070548
2018-07-01,2.89,-0.020000000000000018,0.30001388856746464,2.6208333333333336,9.233161628924094
2018-08-01,2.89,0.0,0.27883279447146225,2.6775,9.233161628924094
2018-09-01,3.0,0.10999999999999988,0.24824688346795468,2.7441666666666666,9.223300970873787
2018-10-01,3.15,0.1499999999999999,0.24177374848105873,2.81,9.209888511875908
2018-11-01,3.12,-0.029999999999999805,0.20847752585810125,2.874166666666667,9.212567882079131
2018-12-01,2.83,-0.29000000000000004,0.147648230602457,2.91,9.238549061557912
2019-01-01,2.71,-0.1200000000000001,0.1241303078759156,2.920833333333333,9.249342809852985
2019-02-01,2.68,-0.029999999999999805,0.14177179699883452,2.9058333333333333,9.252045188936503
2019-03-01,2.57,-0.11000000000000032,0.17148195417039383,2.8833333333333333,9.261967436872379
2019-04-01,2.53,-0.040000000000000036,0.19965879986535268,2.855,9.265580805617867
2019-05-01,2.4,-0.1299999999999999,0.23391270062822225,2.8066666666666666,9.27734375
2019-06-01,2.07,-0.33000000000000007,0.31262330900521557,2.7366666666666664,9.307338101303028
2019-07-01,2.06,-0.009999999999999787,0.3633211702162567,2.6675,9.30825004899079
2019-08-01,1.63,-0.43000000000000016,0.46187611483446883,2.5625,9.347633572763948
2019-09-01,1.7,0.07000000000000006,0.500753220537648,2.4541666666666666,9.341199606686333
2019-10-01,1.71,0.010000000000000009,0.491296213802843,2.3341666666666665,9.340281191623243
2019-11-01,1.81,0.10000000000000009,0.444082301954413,2.225,9.331106963952461
2019-12-01,1.86,0.050000000000000044,0.41099564990698395,2.1441666666666666,9.326526605144316
2020-01-01,1.76,-0.10000000000000009,0.38261064947404344,2.065,9.33569182389937
2020-02-01,1.5,-0.26,0.36121847665758816,1.9666666666666668,9.35960591133005
2020-03-01,0.87,-0.63,0.42991542508650943,1.825,9.418062853177357
2020-04-01,0.66,-0.20999999999999996,0.48634926345235485,1.6691666666666665,9.437711106695808
2020-05-01,0.67,0.010000000000000009,0.5060273079228818,1.5250000000000001,9.436773616767658
2020-06-01,0.73,0.05999999999999994,0.5224128171429131,1.4133333333333333,9.431152586121314
2020-07-01,0.62,-0.10999999999999999,0.5257433410002493,1.2933333333333334,9.441462929835023
2020-08-01,0.65,0.030000000000000027,0.5444736129065938,1.2116666666666667,9.438648782911079
2020-09-01,0.68,0.030000000000000027,0.5409139291864496,1.1266666666666667,9.435836313071118
2020-10-01,0.79,0.10999999999999999,0.515311026997773,1.05,9.425538247842047
2020-11-01,0.87,0.07999999999999996,0.45747992173200797,0.9716666666666667,9.418062853177357
2020-12-01,0.93,0.06000000000000005,0.3621516089689974,0.8941666666666667,9.412464084018627
2021-01-01,1.08,0.15000000000000002,0.2502771191373322,0.8375,9.398496240601505
2021-02-01,1.26,0.17999999999999994,0.19628944305436183,0.8175,9.381789452893543
2021-03-01,1.61,0.3500000000000001,0.3020372744406905,0.8791666666666665,9.349473477019979
2021-04-01,1.64,0.029999999999999805,0.36360463876768506,0.9608333333333334,9.346713892168438
2021-05-01,1.62,-0.019999999999999796,0.39646162258390566,1.04,9.348553434363314
2021-06-01,1.52,-0.10000000000000009,0.4057867405274888,1.1058333333333334,9.357762017336485
2021-07-01,1.32,-0.19999999999999996,0.3790288627372898,1.1641666666666668,9.376233714962494
2021-08-01,1.28,-0.040000000000000036,0.34328184374136145,1.2166666666666666,9.379936808846763
2021-09-01,1.37,0.09000000000000008,0.3003167519723059,1.2741666666666667,9.371608957285192
2021-10-01,1.58,0.20999999999999996,0.26954507128602656,1.34,9.352234691868478
2021-11-01,1.56,-0.020000000000000018,0.23101062549361773,1.3975,9.35407640803466
2021-12-01,1.47,-0.09000000000000008,0.1782299332069456,1.4425,9.362373115206466
2022-01-01,1.76,0.29000000000000004,0.15962788166891004,1.4991666666666668,9.33569182389937
2022-02-01,1.93,0.16999999999999993,0.18372410145266227,1.555,9.320121652114196
2022-03-01,2.13,0.19999999999999996,0.24796749542615715,1.5983333333333334,9.301870165475373
2022-04-01,2.75,0.6200000000000001,0.41541782544446954,1.6908333333333332,9.24574209245742
2022-05-01,2.9,0.1499999999999999,0.540944040123834,1.7975,9.232264334305151
2022-06-01,3.14,0.2400000000000002,0.6554266480004699,1.9324999999999999,9.210781462090361
2022-07-01,2.9,-0.2400000000000002,0.6794577829327729,2.0641666666666665,9.232264334305151
2022-08-01,2.9,0.0,0.6703656849177106,2.1991666666666667,9.232264334305151
2022-09-01,3.52,0.6200000000000001,0.7144716208288024,2.3783333333333334,9.176970633693973
2022-10-01,3.98,0.45999999999999996,0.8013152067732765,2.578333333333333,9.136372379303712
2022-11-01,3.89,-0.08999999999999986,0.8143165008990062,2.7725000000000004,9.14428722687458
2022-12-01,3.62,-0.27,0.7342755654797746,2.9516666666666667,9.168114263655665
2023-01-01,3.53,-0.0900000000000003,0.6455506223842108,3.0991666666666666,9.176084226794167
2023-02-01,3.75,0.2200000000000002,0.5530651504172865,3.250833333333333,9.156626506024095
2023-03-01,3.66,-0.08999999999999986,0.4349259776796975,3.3783333333333334,9.16457650009647
2023-04-01,3.46,-0.20000000000000018,0.38737167963320784,3.4375,9.182292673497004
2023-05-01,3.57,0.10999999999999988,0.3492676320358258,3.4933333333333336,9.172540310900839
2023-06-01,3.75,0.18000000000000016,0.3373549070835748,3.544166666666667,9.156626506024095
2023-07-01,3.9,0.1499999999999999,0.2828788690331752,3.6275,9.143407122232917
2023-08-01,4.17,0.27,0.21550504458702976,3.733333333333333,9.11970816933858
2023-09-01,4.38,0.20999999999999996,0.27334626724763417,3.805,9.101360413872388
2023-10-01,4.8,0.41999999999999993,0.39603336253711907,3.873333333333333,9.064885496183205
2023-11-01,4.5,-0.2999999999999998,0.43554476512096346,3.9241666666666664,9.090909090909092
2023-12-01,4.02,-0.4800000000000004,0.42533676497147094,3.9574999999999996,9.132859065564315
2024-01-01,4.06,0.040000000000000036,0.4038864226787959,4.001666666666666,9.129348452815684
2024-02-01,4.21,0.15000000000000036,0.3996361981967141,4.04,9.116207657614432
2024-03-01,4.21,0.0,0.38329808797130266,4.085833333333333,9.116207657614432
2024-04-01,4.54,0.33000000000000007,0.3481759830194309,4.175833333333333,9.087430648555577
2024-05-01,4.48,-0.05999999999999961,0.2999949494524888,4.251666666666666,9.092649310872895
2024-06-01,4.31,-0.17000000000000082,0.25505198519428646,4.298333333333333,9.107468123861567
2024-07-01,4.25,-0.05999999999999961,0.2234085129004597,4.3275,9.112709832134293
2024-08-01,3.87,-0.3799999999999999,0.2569090748247404,4.302499999999999,9.146047944546067
2024-09-01,3.72,-0.1499999999999999,0.3049627398999824,4.2475,9.159274971075975
2024-10-01,4.1,0.37999999999999945,0.25202663399421926,4.189166666666666,9.125840537944285
2024-11-01,4.36,0.2600000000000007,0.23924597460285163,4.1775,9.103104637792256
2024-12-01,4.39,0.02999999999999936,0.24093882034978703,4.208333333333333,9.100488552543347
2025-01-01,4.63,0.2400000000000002,0.2641094240628672,4.255833333333333,9.079613877473
2025-02-01,4.45,-0.17999999999999972,0.26935810342148475,4.275833333333334,9.09526089037817
2025-03-01,4.28,-0.16999999999999993,0.2685595696009989,4.281666666666667,9.110088224012275
2025-04-01,4.28,0.0,0.25601846524320476,4.260000000000001,9.110088224012275
2025-05-01,4.42,0.13999999999999968,0.2518838115986934,4.255,9.097873970503734
2025-06-01,4.38,-0.040000000000000036,0.2540743746992588,4.260833333333333,9.101360413872388
2025-07-01,4.39,0.009999999999999787,0.2567320853270877,4.2725,9.100488552543347
2025-08-01,4.26,-0.1299999999999999,0.22370841411418946,4.305000000000001,9.111835795127567
2025-09-01,4.12,-0.13999999999999968,0.14433756729751349,4.338333333333333,9.124087591240876
2025-10-01,4.06,-0.0600000000000005,0.15066519173329634,4.335,9.129348452815684
2025-11-01,4.09,0.03000000000000025,0.16597508027640293,4.3125,9.126717263906235
2025-12-01,4.14,0.04999999999999982,0.1709775813765203,4.291666666666666,9.122335317841367
2026-01-01,4.21,0.07000000000000028,0.1345249779669234,4.256666666666667,9.116207657614432
2026-02-01,4.13,-0.08000000000000007,0.12402345819178667,4.2299999999999995,9.123211370402382
2026-03-01,4.25,0.1200000000000001,0.12322374328481746,4.2275,9.112709832134293
2026-04-01,4.32,0.07000000000000028,0.12529661776869355,4.230833333333334,9.106595092024541
2026-05-01,4.48,0.16000000000000014,0.13439820976452943,4.235833333333333,9.092649310872895
