date,bond_mkt_ret,duration_rf,credit_rf,liquidity_rf,cum_lrf_12m,cum_crf_12m,bond_vol_6m
2004-08-31,0.0218180069960223,0.0282630264715694,-0.0017866938222671,-0.003353325559762,,,
2004-09-30,0.0068451653224598,0.0111992050074849,0.0078770550896582,0.0071327250571273,,,
2004-10-31,0.0111211347444203,0.0172506289951653,0.0195340228741741,0.0031262611548888,,,
2004-11-30,-0.004726437501864,0.0050946243464127,0.0263402487158754,0.0012513232525672,,,
2004-12-31,0.0100459017454315,0.0248375527294142,0.0081654289055489,0.0032502167646113,,,
2005-01-31,0.0041791830416787,0.0136036027235099,-0.013674781556516,0.0062393248024397,,,0.030297908109727906
2005-02-28,-0.0013081910622683,0.0027207041401431,0.0180768235873371,0.0027589230038495,,,0.021850925716774442
2005-03-31,-0.0219729939628358,-0.0259383413677558,-0.0144215170528129,0.0018719884755136,,,0.042362659372598234
2005-04-30,0.0067398841064385,0.0026657703718516,-0.0387307681849956,0.0032229835811756,,,0.039872044176785276
2005-05-31,0.0112065600589081,0.019978833568565,0.0100539572072904,0.002416316811212,,,0.04272936780956075
2005-06-30,0.0093444269583553,0.0113135209916007,0.0097832404075837,0.0006080013114712,,,0.04240220211578122
2005-07-31,-0.0021527327854173,0.0046486936361628,0.0287479174755789,-0.0062660522901049,0.0222586863649893,0.059964933646455096,0.04233905189375633
2005-08-31,0.0036363102048067,-0.0012160673056084,-0.0150256662886437,0.0039843723864688,0.0295963843112201,0.046725961180078504,0.04246290196233238
2005-09-30,-0.014444728214653,-0.0218031874674893,0.0016733841895874,-0.0031054700685746,0.019358189185518196,0.0405222902800077,0.032885804015708
2005-10-31,-0.0135160209138309,-0.0192018482652266,0.000542458468078,-0.0072511847400295,0.0089807432905999,0.021530725873911603,0.03845752038568169
2005-11-30,0.0017927257566339,-9.502776408217216e-05,0.0024283903409138,0.004247619594707,0.0119770396327397,-0.0023811325010499977,0.03324465028546695
2005-12-31,0.003729542877073,0.0042762439562377,-0.0092832894412107,0.0042866034310418,0.0130134262991702,-0.019829850847809596,0.02911200577562082
2006-01-31,0.0022434988682399,0.0101126411814617,0.0269780023132977,-0.0004465541876213,0.0063275473091092,0.020822933022004105,0.03023960804444268
2006-02-28,-0.0002997363691198,0.0074289232494474,0.0055501813690472,0.0062481585950965,0.0098167829003562,0.008296290803714204,0.028715455142814542
2006-03-31,-0.0097881228565664,-0.0142671960732571,0.0210530518180648,-0.0069416744661132,0.0010031199587294,0.043770859674591905,0.024928490681217705
2006-04-30,-0.0045703676659896,-0.0089909883279315,0.0150758291254057,-0.0078344579865154,-0.0100543216089616,0.0975774569849932,0.01773298136406227
2006-05-31,-0.0032413728760211,-0.0009378280519753,0.0017900136093994,1.3962106835381516e-05,-0.012456676313338218,0.08931351338710221,0.017148359399320516
2006-06-30,-0.0070602372986599,-0.0015605052615001,-0.0003934672153225,-0.0041946356013697,-0.01725931322617912,0.07913680576419602,0.015192117748352307
2006-07-31,0.0110397263016666,0.0128627229906562,-0.0052045881086668,-0.0005135940446908,-0.011506854980765018,0.0451843001799503,0.025300729313543335
2006-08-31,0.0138471404654902,0.0172532148070813,-0.0018866440989185,0.0086864697872572,-0.006804757579976617,0.0583233223696755,0.034315920873110854
2006-09-30,0.0083188320735843,0.0106665900553027,0.0012468495961369,0.0032418674085911,-0.0004574201028109178,0.057896787776225006,0.03129380685468355
2006-10-31,0.0039877295739258,0.0032476928237223,0.0087462944726041,-0.0009140271449936,0.0058797374922249825,0.0661006237807511,0.028504692002659635
2006-11-30,0.0115566110085234,0.0137493124131544,0.0058472223926972,0.0015225534775707,0.0031546713750886827,0.06951945583253451,0.026493142597824617
2006-12-31,-0.0052860488126219,-0.0041549306603456,0.0169844982956463,-0.0048680471591516,-0.005999979215104718,0.0957872435693915,0.024266930594327687
2007-01-31,-0.0035105689740102,-0.0013143032618515,0.0184091370271433,0.0024566437492749,-0.003096781278208518,0.08721837828323711,0.027335089019682235
2007-02-28,0.0129814635299706,0.0108044999020461,-0.0043220644577374,0.0052711619297719,-0.004073777943533119,0.07734613245645251,0.026668173907682148
2007-03-31,-0.0062742170744319,-0.0129893674973717,0.003211626415675,-0.0049106509171433,-0.002042754394563218,0.05950470705406271,0.029695864253960445
2007-04-30,0.0035263156001269,0.0036327960843256,0.0099608751028802,0.0003827475628991,0.006174451154851282,0.0543897530315372,0.029637895273583334
2007-05-31,-0.0084843674392446,-0.0030417137419879,0.0200863958018484,-0.0010545878344496,0.0051059012135663,0.0726861352239862,0.027898055796641955
2007-06-30,-0.0132546308987092,-0.0148259054152981,-0.0086103401239216,-0.0029219281737577,0.006378608641178301,0.0644692623153871,0.03259691471187903
2007-07-31,-0.0105329675004835,-0.0195472228436228,-0.0384325878437232,-0.001975465222694,0.0049167374631751,0.031241262580330706,0.034571098643047124
2007-08-31,0.0071467329893784,-0.0016178544310572,-0.0082254324979004,0.002361855682601,-0.0014078766414810989,0.024902474181348812,0.02822783137261176
2007-09-30,0.0114557212179079,0.0170964164371358,0.0179663385086949,-0.002153492116422,-0.006803236166494199,0.04162196309390681,0.035873443345394156
2007-10-31,0.0078002247507393,0.0088044358673582,-0.0060851301410764,0.0049396384081859,-0.0009495706133146996,0.026790538480226306,0.03782140858074594
2007-11-30,-0.0063169695777996,-0.0252971691749969,-0.0337660328077668,-0.0103381169748058,-0.012810241065691199,-0.012822716720237694,0.03690208447538715
2007-12-31,-0.0031611971583508,-0.0175037160389479,-0.0042128089619914,-0.0045271858067071,-0.012469379713246699,-0.034020023977875395,0.030874645249669905
2008-01-31,0.0102619359141994,0.0186008172890591,-0.0298584079383555,0.0039270019576894,-0.010999021504832198,-0.08228756894337419,0.02569857370320656
2008-02-29,-0.0092341485157136,-0.0297728883224154,-0.0142264163075421,-0.0047850866513182,-0.021055270085922298,-0.0921919207931789,0.03148680140198071
2008-03-31,-0.0073461115895326,-0.0070519797862056,-0.0020785022700775,-0.0066690377018576,-0.0228136568706366,-0.0974820494789314,0.028759398428700945
2008-04-30,0.0174502861489403,0.0514812923537892,0.0479830772305236,0.0029047665949578,-0.0202916378385779,-0.059459847351287995,0.03789974465448721
2008-05-31,-0.0065217628454163,-0.0023856410590566,0.0215630348819205,0.005131372708463,-0.014105677295665298,-0.05798320827121589,0.03798624888009222
2008-06-30,-0.0182294509440404,-0.0424279642225157,-0.0320085520395346,-0.0041336867922891,-0.015317435914196698,-0.0813814201868289,0.04629436955676383
2008-07-31,-0.0090301795410196,-0.0313311677562819,-0.0149009664205385,-0.0118383056850845,-0.0251802763765872,-0.057849798763644204,0.041558000136806855
2008-08-31,0.0078211611573387,0.0047081426212803,-0.0097869082266522,-0.0021349530438098,-0.029677085102997998,-0.059411274492396,0.04474290267872883
2008-09-30,-0.0825766427610141,-0.1108601372719276,0.0069727706719531,-0.0394223601550831,-0.0669459531416591,-0.07040484232913781,0.12255461754170649
2008-10-31,-0.0586170908543965,0.0209418152737823,-0.1618051422362128,-0.0071110915965648,-0.0789966831464098,-0.2261248544242742,0.1211513255412222
2008-11-30,0.0014647581686721,-0.0281161944661147,-0.1817701616480928,-0.0087824785479431,-0.0774410447195471,-0.3741289832646002,0.12499272740296767
2008-12-31,0.1036732349331079,0.104297320607809,0.0069601386125968,0.0169698806411954,-0.055943978271644615,-0.362956035690012,0.22405225152904193
2009-01-31,0.0108571039176655,0.0182505274654467,0.0582024362571544,0.0092702921644349,-0.05060068806489911,-0.27489519149450214,0.22521386237863159
2009-02-28,-0.0321762022196773,-0.0860317222507008,-0.0121150901119581,-0.0181999579604579,-0.06401555937403881,-0.2727838652989181,0.22773505536640343
2009-03-31,0.0107459128237682,0.013413820966052,0.0627540468688987,0.0295783821969997,-0.027768139475181506,-0.20795131615994192,0.19124561032501536
2009-04-30,0.0599579048937132,0.114652647042191,0.1041475549930941,0.0624463544356208,0.03177344836548149,-0.15178683839737145,0.16710009029651743
2009-05-31,0.0447182756297068,0.1181942376528426,0.0359194709934448,0.0642810039196393,0.0909230795766578,-0.13743040228584713,0.16316053926711138
2009-06-30,0.0253427196113558,0.0293583072114335,0.0065366750105567,0.0269361751675686,0.12199294153651548,-0.09888517523575582,0.1109346566304263
2009-07-31,0.0392593284578651,0.0236501213344838,0.0311358562231729,-0.0029565553024995,0.13087469191910048,-0.05284835259204442,0.11263217963311724
2009-08-31,0.0213769473281836,0.0465636883493831,0.0156714951256146,0.0401912559139857,0.173200900876896,-0.02738994923977762,0.06177905673032693
2009-09-30,0.0265439650754346,0.0521790663676138,0.0484664759063807,0.0230240622507179,0.235647323282697,0.014103755994649983,0.05084567222989995
2009-10-31,0.0073830693815262,0.0057554699619202,0.0061567016512757,0.0010208928738812,0.243779307753143,0.1820655998821385,0.04602115591842095
2009-11-30,0.0126779488213833,0.001219489781791,-0.0003422918099189,0.0014850254972573,0.2540468117983434,0.3634934697203123,0.03890272381687365
2009-12-31,0.001136501138462,0.0221960826874509,0.0438672195987638,-0.0011966481066176,0.23588028305053038,0.4004005507064794,0.048043965202973396
2010-01-31,0.0133552166170715,0.0049008710117265,0.0062857842994044,0.0186642222165638,0.2452742131026593,0.34848389874872937,0.031854634532878075
2010-02-28,0.0035128493598425,0.0014726046444926,-0.005655357833305,-0.0005794404512367,0.26289473061188046,0.35494363102738247,0.03160063560402793
2010-03-31,0.00868885432242,0.0255566396866176,0.0257753077235922,0.0089449662948404,0.24226131470972118,0.317964891882076,0.016857063178036043
2010-04-30,0.0164625484256979,0.0162625872178282,0.0142619654475995,0.0132791806082937,0.19309414088239407,0.22807930233658139,0.020765233646012786
2010-05-31,-0.0064572716325561,-0.0184358020186216,-0.0312699477677577,0.0005158299153001,0.12932896687805487,0.16088988357537887,0.029219275613962734
2010-06-30,0.017741485573396,0.007244417977506,-0.0138223979342178,-5.930996550215957e-05,0.10233348174498412,0.14053081063060435,0.03175367120629063
2010-07-31,0.0208123400689145,0.0199372371279935,0.0141432303642574,0.0042561266344657,0.10954616368194932,0.12353818477168887,0.03577091691804339
2010-08-31,0.0143200257408193,0.0077471418301736,-0.0207487476311154,0.0136312940155958,0.08298620178355944,0.08711794201495887,0.034206045334660345
2010-09-30,0.0110488669760356,0.0144840857397161,0.0248561354510649,-0.0052982303540204,0.05466390917882113,0.06350760155964306,0.033830454489367584
2010-10-31,0.0063389074690441,0.0049865933891101,0.0279345502016904,-0.0067658914221876,0.04687712488275232,0.08528545011005777,0.03388568702980076
2010-11-30,-0.0079288561153516,-0.0101373388429989,-0.0008703399587921,0.0061464776697494,0.05153857705524442,0.08475740196118457,0.03568329195643387
2010-12-31,-0.0042332778730782,0.0132647482820932,0.0247289790854948,-0.0044398957149165,0.04829532944694552,0.06561916144791557,0.038256036436604385
2011-01-31,0.0089237695955856,0.0067344960337892,0.0261981462884212,0.0080456174453953,0.037676724675777026,0.08553152343693238,0.03069821944625013
2011-02-28,0.0060467495616209,0.0105884538446039,0.0108156178703283,0.0049034836672544,0.043159648794268125,0.10200249914056567,0.026439182002560072
2011-03-31,0.0007146879591827,-0.000943495402411,0.0059430211747953,0.0036178644005084,0.03783254689993613,0.08217021259176877,0.023054734601058897
2011-04-30,0.0167192550223874,0.0135047805859633,0.0017466157549077,0.0032824982487813,0.027835864540423725,0.06965486289907696,0.03132040373161014
2011-05-31,0.0114277729505605,0.0078887076348412,-0.0063018781137915,0.0078889545611509,0.03520898918627453,0.09462293255304316,0.026080314974927344
2011-06-30,-0.0057000896127896,-0.011656666583165,-0.0042118345414585,-0.0067947119889487,0.028473587162827985,0.10423349594580246,0.027581850896616064
2011-07-31,0.0169729163409139,0.0043198757950051,-0.0123041566313333,-0.0003499484863624,0.023867512041999883,0.07778610895021176,0.031457414811097116
2011-08-31,-0.0018278332663914,-0.0163174912069759,-0.048769829634488,0.0015146109271226,0.011750828953526686,0.049765026946839166,0.03429225509249891
2011-09-30,-0.0075448313283207,-0.0139808231332902,-0.0303592318960246,0.005889638944393,0.022938698251940087,-0.005450340400250331,0.03920688436988362
2011-10-31,0.0275107093279923,0.0302748417150744,0.0369397170898729,-0.0048522103255734,0.024852379348554287,0.003554826487932164,0.048751705800795624
2011-11-30,-0.0177686286929165,-0.0312384706162061,0.0017187612094558,0.0043467103475009,0.023052612026305784,0.006143927656180067,0.05859985028324858
2011-12-31,0.0245096240525003,0.0259448029278346,0.0006005354640463,0.0014291208330108,0.028921628574233086,-0.017984515965268434,0.06443041390523534
2012-01-31,0.0229031295528298,0.0333422079389051,0.0157387688864642,0.0078781159979828,0.028754127126820586,-0.02844389336722543,0.06712819627093553
2012-02-29,0.0131215341125425,0.020759277911584,0.0190415686484183,0.0038312220880811,0.027681865547647285,-0.02021794258913543,0.06519625428857723
2012-03-31,-0.0064820134076072,-0.0036499058699225,0.0117918391825192,0.0001030367084815,0.024167037855620386,-0.01436912458141153,0.06450568054363479
2012-04-30,0.0105276221147111,0.0066076888862301,-0.0034121602050384,0.001213323025476,0.022097862632315085,-0.01952790054135763,0.05798217722772565
2012-05-31,0.0008499025897792,0.0003017040352514,-0.0267606858920519,0.0114010815798842,0.02560998965104839,-0.03998670831961803,0.042071640759314397
2012-06-30,0.0110030070803555,0.016136926913771,0.0119385449614827,-0.0054039644880867,0.02700073715191039,-0.023836328816676827,0.03539585353018592
2012-07-31,0.0246725977064142,0.0227279046494663,-0.0160863059370885,0.010658025142747,0.038008710781019785,-0.027618478122432028,0.03715042218752382
2012-08-31,0.0022163630930067,0.0050901417664734,0.0168643947208633,-0.0029556124426608,0.033538487411236384,0.03801574623291927,0.037410921560082584
2012-09-30,0.0111680794244613,0.017586375932601,0.008830779499155,0.0055032364040824,0.03315208487092579,0.07720575762809888,0.02948401529783606
2012-10-31,0.0077285721630366,0.0094104449082215,-0.002349072011756,-0.0008413932811366,0.03716290191536258,0.037916968526469974,0.029645699737607657
2012-11-30,0.0004100856068928,0.0010979518220643,0.0049910857247055,-0.0025220041311205,0.030294187436741185,0.04118929304171968,0.029962317399347294
2012-12-31,0.0046730388152058,0.0097629471730749,0.0246065034264706,0.0068864856585101,0.035751552262240485,0.06519526100414397,0.030548593415821567
2013-01-31,-0.0044299937642135,-0.0019065912464537,0.0303633138430447,0.0001794657292995,0.028052901993557186,0.07981980596072447,0.01910216012786627
2013-02-28,0.0065073970494751,0.0039060792930543,-0.0048869833371785,0.000766118152856,0.024987798058332088,0.055891253975127675,0.019304129091580195
2013-03-31,0.002907740362,0.0019619064569861,0.0101357146367678,0.0016572736298418,0.026542034979692385,0.05423512942937628,0.015443397377497923
2013-04-30,0.0188383840601086,0.0226077427612178,0.000667303234011,0.0090301632368461,0.03435887519106249,0.05831459286842568,0.027190458688466042
2013-05-31,-0.0195026082256683,-0.0196262308153499,0.0300290631830984,-0.0034825113270118,0.019475282284166485,0.11510434194357597,0.044200032602268964
2013-06-30,-0.0272383701387738,-0.0335483412356997,-0.0001570359747617,-0.0189962917576251,0.005882955014628086,0.10300876100733157,0.05919573647695189
2013-07-31,0.0099634367798646,0.008770332975638,0.0080072203373945,-8.128328828949406e-05,-0.004856353416408407,0.12710228728181458,0.06225997120027205
2013-08-31,-0.0056246408290925,-0.0062833645569825,0.0030638460497569,-0.0002622573789018,-0.0021629983526494064,0.11330173861070816,0.06090152191977931
2013-09-30,0.0066695494572102,-0.000694512663747,0.0013039651775137,0.0045347327962732,-0.003131501960458607,0.10577492428906687,0.06206420266800661
2013-10-31,0.017129386424122,0.0195906118942599,0.0070206535870073,0.0027190174845506,0.000428908805228593,0.11514464988783017,0.060664437648071466
2013-11-30,-0.0008924912987556,-0.0052744953834951,0.0107131995953509,-0.0046299890574792,-0.0016790761211301075,0.12086676375847558,0.053922850818253994
2013-12-31,0.0025661578884717,0.0086306712927243,0.0066796852833987,0.0007428407094348,-0.007822721070205407,0.10293994561540366,0.028059959538155627
2014-01-31,0.012416040302681,0.0154985026803017,-0.0097625480602334,0.0117471979804345,0.0037450111809295937,0.06281408371212557,0.029294947575149936
2014-02-28,0.0122821241740887,0.0216677256559754,0.0080056562307583,0.0032125960300467,0.006191489058120293,0.07570672328006238,0.02353405011940662
2014-03-31,0.0016091951589092,0.0048378810886996,-9.958651775035548e-05,0.0066567331849358,0.011190948613214293,0.06547142212554422,0.025419874341649478
2014-04-30,0.0090905017842492,0.0127836259988404,-0.0063375002241049,0.0053629410607848,0.007523726437152992,0.05846661866742831,0.02011371899811916
2014-05-31,0.0128066042188039,0.0149761540061657,-0.0051765219668765,0.0088115150260505,0.01981775279021529,0.02326103351745342,0.017746229242962267
2014-06-30,0.0021475898985995,0.0032665495741924,0.0078834733832169,-0.0011631047924155,0.03765093975542489,0.03130154287543202,0.01808657185593736
2014-07-31,-0.0037600799510421,-0.0028078907065161,-0.0144581204205913,0.0010993576265066,0.03883158067022098,0.008836202117446217,0.02319505132322554
2014-08-31,0.0148541367370487,0.0137208620844114,-0.0060812057488314,0.0005897969255586,0.03968363497468139,-0.00030884968114208104,0.025150568344625382
2014-09-30,-0.0151584628254718,-0.0266142543924686,-0.0124805996926304,-0.0062570049192886,0.028891897259119583,-0.01409341455128618,0.03947512799286044
2014-10-31,0.0102583921490304,0.003499948096551,-0.0068810425990407,-0.0014194509340446,0.024753428840524384,-0.02799511073733418,0.039916237808488776
2014-11-30,0.0019268586551004,-0.0038197334300125,-0.0147685704996218,0.0004953420978333,0.029878759995836883,-0.05347688083230688,0.03667856002842025
2014-12-31,-0.0013048170725441,-0.0001696949427402,-0.025577158132378,-0.0037810764128235,0.025354842873578587,-0.08573372424808358,0.03690429168891586
2015-01-31,0.0216176819981067,0.0231831557556747,-0.0339866623896316,0.0115012399522218,0.025108884845365886,-0.10995783857748179,0.045316446670422394
2015-02-28,-0.001554593302339,0.0014537513612605,0.0413183355565989,-0.0046735307863966,0.017222758028922584,-0.0766451592516412,0.04295044178916391
2015-03-31,0.0003781020834173,-0.0117314523091125,-0.0130577654681336,-0.0014391500713299,0.009126874772656885,-0.08960333820202443,0.03163642751688471
2015-04-30,-0.003318297616207,-0.0116686440224097,0.0236915882767813,-0.0023993295008973,0.0013646042109747838,-0.05957424970113823,0.03226750226135808
2015-05-31,-0.0060107289557431,-0.0185263323352537,0.0062574406520777,-0.006693603322694,-0.014140514137769716,-0.048140287082184034,0.03473427342891084
2015-06-30,-0.0163933301735433,-0.0366078063654055,-0.0094537556417744,-0.0073489730971864,-0.020326382442540616,-0.06547751610717534,0.04329757535917457
2015-07-31,0.0014655042158534,-0.0191307412498432,-0.0296803640886063,-0.0044501289180517,-0.025875868987098916,-0.08069975977519034,0.022598026334192976
2015-08-31,-0.0065628333137884,-0.0264979302165047,-0.0154984470119801,-0.0056467731243067,-0.032112439036964216,-0.09011700103833904,0.02227793583373729
2015-09-30,-0.0017637537529079,-0.0235438019538483,-0.0483512846303038,-0.003020516889772,-0.028875951007447616,-0.12598768597601243,0.021199837217416913
2015-10-31,0.0106803619524651,0.0117908842928563,0.0248700931075529,-0.0043461572659518,-0.03180265733935482,-0.09423655026941882,0.031357445218381574
2015-11-30,-0.0070217888377112,-0.0226276797471246,-0.0345540351979544,-0.006156361173825,-0.038454360611013115,-0.11402201496775144,0.03161443005264662
2015-12-31,-0.0120266850647607,-0.0366715078413528,-0.0318463894244853,-0.0106883018024768,-0.04536158600066642,-0.12029124625985874,0.027612666029738768
2016-01-31,-0.0070709614278946,-0.0476612338736577,-0.0277675722176838,-0.0224437338927074,-0.07930655984559562,-0.11407215608791092,0.027279111631705082
2016-02-29,0.0104102559413501,0.021965604294548,-0.0140638407420415,0.0058226143019109,-0.06881041475728812,-0.16945433238655133,0.03329179062472116
2016-03-31,0.0364113681907288,0.0910866738181565,0.0383358820818198,0.0349018334743807,-0.03246943121157752,-0.1180606848365979,0.06250822114360814
2016-04-30,0.020363376576098,0.0536336388328131,0.0323124102441588,0.0117585588435354,-0.018311542867144814,-0.10943986286922042,0.0659401545441038
2016-05-31,-0.0004885363835254,-0.0008299013285403,0.0062416642303708,0.0001230204548105,-0.011494919089640315,-0.10945563929092732,0.06323477540071169
2016-06-30,0.0227430960172622,0.0407954969665937,-0.0091349372883629,0.021075066012669,0.016929120020215085,-0.10913682093751581,0.05554564608936315
2016-07-31,0.0134335145272641,0.0188948784481461,0.0135042293834829,0.0062354711806159,0.027614720118882687,-0.06595222746542662,0.0433487183430731
2016-08-31,0.0074476923445649,0.0234733516854767,0.016996179862175,0.0037514512278268,0.03701294447101619,-0.03345760059127151,0.04463678250172398
2016-09-30,0.000142722524289,0.0017949344905787,0.0144073578114737,-0.0010092363426787,0.03902422501810949,0.029301041850505978,0.03439956338303724
2016-10-31,-0.0091075834132476,-0.0088313319726512,0.0194440951611809,0.0044666559579354,0.047837038241996685,0.023875043904133978,0.03924613096753251
2016-11-30,-0.0229279123624438,-0.0256819083711201,0.0266962550810752,-0.0102720218433921,0.04372137757242959,0.08512533418316358,0.05668640746363149
2016-12-31,0.0075828690664855,0.0187117170420701,0.0172632472529678,0.0076686824016482,0.06207836177655458,0.13423497086061667,0.04647904354085468
2017-01-31,0.003787188772,0.0083582208461153,0.0089878795971208,0.0029220195053648,0.08744411517462679,0.17099042267542128,0.04120608875227925
2017-02-28,0.011874124276944,0.0154410329673695,-0.0008278523085703,0.0051741785159045,0.08679567938862039,0.18422641110889248,0.044064374325582405
2017-03-31,-0.0033233227862459,-0.0083409357476143,0.0011705845314372,-0.0027344808085314,0.049159365105708286,0.14706111355850987,0.0440379429669672
2017-04-30,0.0099599837623119,0.0113662948992018,9.971837474645824e-05,-0.0001958836413,0.03720492262087289,0.11484842168909754,0.04491900011313799
2017-05-31,0.0099765502497898,0.0123694845407107,-0.0044511478860437,0.0038413165955873,0.040923218761649685,0.10415560957268302,0.01946357836772423
2017-06-30,0.0042389458357473,0.0062257105703935,-0.006817727818944,0.0062791300092498,0.026127282758230484,0.10647281904210193,0.019649611321887195
2017-07-31,0.0051301230603889,0.0032237503558041,0.0043649574400834,0.0001702108568305,0.020062022434445083,0.09733354709870243,0.01936229729315151
2017-08-31,0.0047519190775714,0.0024801662764053,-0.0097627833761278,0.001978331827676,0.018288903034294285,0.07057458386039964,0.016914824151626876
2017-09-30,0.0005127833871849,0.00619998448043,0.0102562927836325,0.0021436367932709,0.02144177617024388,0.06642351883255843,0.01265028081618857
2017-10-31,0.0014066210577116,0.0050500890878862,0.001959167573365,0.004498413245928,0.02147353345823648,0.04893859124474253,0.011575189970268879
2017-11-30,-0.0017555787301044,0.002312837012927,-0.0024436319614317,0.0048250930465608,0.03657064834818938,0.019798704202235624,0.009572689727782113
2017-12-31,0.0063477070040336,0.0147781297711221,-0.0064536442687387,-0.0001955004633061,0.028706465483235084,-0.003918187319470873,0.01092421002278906
2018-01-31,-0.0073459054719749,0.0058388927166182,0.0223381811175053,0.0033211450896174,0.029105591067487682,0.009432114200913626,0.016942408641828992
2018-02-28,-0.0169098344870692,-0.02826264098791,0.0102427339393226,-0.0109000810172103,0.013031331534372883,0.020502700448806525,0.02827206331238457
2018-03-31,0.0002745446838147,0.0007198628354891,-0.0120028019098396,-0.0017425314504163,0.014023280892487985,0.007329314007529727,0.028203808297503838
2018-04-30,-0.0088496233554132,-0.0117996611782859,0.0154552292514296,-0.0040195039894404,0.010199660544347584,0.02268482488421287,0.028089893126558352
2018-05-31,0.0038972162367324,0.0027437998300579,-0.0058610425784568,0.0009632634766362,0.007321607425396484,0.021274930191799768,0.030545334363618275
2018-06-30,-0.0049370766406167,-0.0070740279052202,0.0063999739503669,-0.0033235452866567,-0.002281067870510016,0.034492631961110666,0.025297679340549814
2018-07-31,0.0073316553407932,0.0116957802022889,0.0026703883809887,0.0028645585976414,0.0004132798703008842,0.032798062902015965,0.030838441064532932
2018-08-31,0.0036572130662425,-0.0022867126238987,0.0022807733923923,-0.0003836702306082,-0.001948722187983316,0.04484161967053606,0.021058090641688367
2018-09-30,-0.0030376706849339,-0.000572029739512,0.0109022869342071,-0.0038573610884259,-0.007949720069680116,0.04548761382111066,0.02155598379262887
2018-10-31,-0.0171406057768136,-0.0337422741605348,0.00223103273778,-0.0129879416628805,-0.025436074978488616,0.04575947898552567,0.030683398181524286
2018-11-30,-0.0049053554544759,-0.0154945107355159,-0.0100640645796112,-0.0054748497111246,-0.03573601773617401,0.03813904636734616,0.029321320639143635
2018-12-31,0.0066835250556878,-0.0019773821746931,-0.0435602247452367,-0.0004534426485995,-0.03599395992146742,0.0010324658908481624,0.03211481142787452
2019-01-31,0.0257525378023197,0.0308268612994308,0.0171158063767503,-0.0037950066509569,-0.04311011166204171,-0.004189908849906835,0.049673965721264306
2019-02-28,0.0023455287035962,-0.0001341402655504,0.0147419232981024,0.0042779324062895,-0.02793209823854191,0.0003092805088729649,0.04959305113024766
2019-03-31,0.0207135782654622,0.0248650919198703,-0.0199399223865792,0.0114508982255707,-0.014738668562554916,-0.007627839967866637,0.055291326462055465
2019-04-30,0.0037428370300742,0.0075101083036855,0.0120724328844494,0.0012489467244204,-0.009470217848694116,-0.011010636334846838,0.04064918340089836
2019-05-31,0.0075016201899749,0.0028452653845472,-0.0265220920955985,4.419852744203951e-05,-0.010389282797888276,-0.03167168585198853,0.03359773937629971
2019-06-30,0.0241495052485292,0.030642993168914,-0.0063154376946959,0.011438846765178,0.004373109253946424,-0.04438709749705133,0.03696911324446397
2019-07-31,0.00307352887886,0.005718159065972,0.0006863390433098,0.0059607479334561,0.007469298589761125,-0.04637114683473023,0.03346263937295414
2019-08-31,0.0261474300450593,0.032185553665314,-0.0347719846967462,0.0193825746413637,0.027235543461733028,-0.08342390492386872,0.03673178236570232
2019-09-30,-0.0070560760445272,-0.0130250220481604,0.0085296637038794,-0.0073218719829676,0.023771032567191323,-0.08579652815419643,0.04501291847019256
2019-10-31,0.0026858736036106,-4.8405940692135015e-05,-0.0001381287408724,-0.0046520276755207,0.032106946554551125,-0.08816568963284882,0.04536604729537475
2019-11-30,0.0035784936190203,0.0103699259556926,0.0006440780971507,0.0017530831910241,0.03933487945669982,-0.07745754695608692,0.04609694406840654
2019-12-31,0.0051469607941941,0.0143320520877835,0.0206228034011115,0.0036815484087368,0.04346987051403612,-0.01327451880973873,0.0379959988271916
2020-01-31,0.0157465497133115,0.0162346066853741,-0.0220512606775187,0.0208152195946686,0.06808009675966162,-0.052441585864007725,0.04014301338109861
2020-02-29,0.0052226384041685,-0.0114527504581546,-0.032650717564195,-0.0024267892153943,0.061375375137977826,-0.09983422672630513,0.025201945176835435
2020-03-31,-0.0720709902268644,-0.1186448598841899,-0.0945348891546197,-0.0141765220270938,0.03574795488531332,-0.17442919349434563,0.11228619714411378
2020-04-30,0.0566819214604626,0.0687179598661509,0.0098702573420021,0.0304572329609442,0.06495624112183712,-0.17663136903679294,0.14439517621623837
2020-05-31,0.0213809919276948,0.0267620928348759,0.0473615123619173,0.0132572666988598,0.07816930929325488,-0.10274776457927712,0.14692131993711982
2020-06-30,0.020315126178995,0.0243110761807882,0.0072801477496079,0.0144449608428202,0.08117542337089709,-0.08915217913497334,0.14842890577209344
2020-07-31,0.0336097392065048,0.0570137931892795,0.0083116642998638,0.0174108632597897,0.09262553869723067,-0.08152685387841932,0.1527870574444694
2020-08-31,-0.0105421443063469,-0.0193393165705151,0.0396160663436035,-0.0016695196296526,0.07157344442621438,-0.007138802838069627,0.15577954536334848
2020-09-30,-0.0045028675280666,-0.0095046318240523,-0.0130915966870886,0.0016506908676097,0.08054600727679168,-0.028760063229037625,0.08575943269555927
2020-10-31,-8.616460985192797e-05,0.0008845236985142,0.0083156461398988,-0.0017071586479019,0.08349087630441047,-0.02030628834826643,0.0605452640120723
2020-11-30,0.0308057032174646,0.0650641997635346,0.0192396640042088,0.0116131622402805,0.09335095535366687,-0.0017107024412083248,0.06600698909663459
2020-12-31,0.006349213519464,0.0138790978468414,0.0221126565928772,0.0099353226550338,0.09960472959996387,-0.00022084924944262493,0.06451959961304056
2021-01-31,-0.0106282189302496,-0.0164612908544217,0.023565826868299,-0.0117607052622455,0.06702880474304977,0.045396238296375076,0.05393418128879339
2021-02-28,-0.0183272079786084,-0.0207866453904385,0.0305339673479615,0.0052747408295452,0.07473033478798927,0.10858092320853158,0.05911873055102545
2021-03-31,-0.0108616024326937,-0.0158597742339211,0.0145486412341515,-0.0053708042997698,0.08353605251531328,0.2176644535973028,0.061087591802526105
2021-04-30,0.0105716325552971,0.0144376065188171,0.0046434014286337,0.0057407608015472,0.05881958035591628,0.2124375976839344,0.06307056094769727
2021-05-31,0.0064876607389046,0.0089002137431798,-0.0027739113900071,0.0038452743871212,0.04940758804417768,0.16230217393201,0.0414567262903797
2021-06-30,0.017531301920241,0.0364664623427741,-0.0024755119613651,-0.0100700628911705,0.024892564310186976,0.15254651422103696,0.04956118881895062
2021-07-31,0.0122782596986585,0.0158607367515664,-0.0082390703336856,0.0106762414689883,0.01815794251938558,0.13599577958748757,0.04932459822262688
2021-08-31,-0.0017331687116006,-0.0019150459235468,0.0096075251898691,-0.0032649616757556,0.01656250047328258,0.10598723843375318,0.03590467968888482
2021-09-30,-0.0099472431095621,-0.0115930067710913,0.012143073977082,0.0034049801563946,0.018316789762067482,0.13122190909792378,0.03490095000603359
2021-10-31,0.0027499121809363,0.0179612289538406,-0.0006870182475084,0.0039969764684121,0.024020924878381478,0.12221924471051658,0.03411331356496942
2021-11-30,-0.0010891416830319,-0.0004560059517479,-0.0105293808085795,-0.0002550875108964,0.012152675127204582,0.09245019989772826,0.0347630315099436
2021-12-31,0.0011000435112503,-0.0020116344227725,0.0174827906456117,-0.0019672136477523,0.0002501388244184814,0.08782033395046276,0.02501769395680033
