date,vix_mean,vix_max,vix_std,regime,gs10_yield,sp500_sigma_12m,cape_ratio,liquidity_rf,credit_rf,bond_mkt_ret,ret_sigma_xs,n_bonds,cpi_mom_pct,real_yield,implied_spread_proxy_bps
1990-01-01,23.347272727272728,27.25,2.988828695274614,elevated,8.21,0.08039312341947964,17.05,,,,,,1.03,7.180000000000001,168.4309090909091
1990-02-01,23.262631578947367,24.87,1.374056614171106,elevated,8.47,0.08900980613146142,16.51,,,,,,0.47,8.0,167.83842105263156
1990-03-01,20.062272727272727,22.74,1.2769790683975752,elevated,8.59,0.0886044236598051,16.83,,,,,,0.55,8.04,145.4359090909091
1990-04-01,21.4035,24.16,1.4847479849952205,elevated,8.79,0.0865443369509776,16.81,,,,,,0.16,8.629999999999999,154.8245
1990-05-01,18.097727272727273,20.14,0.9483465903409236,normal,8.76,0.08565575872195025,17.39,,,,,,0.23,8.53,131.6840909090909
1990-06-01,16.82238095238095,19.36,1.2170411035043338,normal,8.48,0.08507573364021366,17.82,,,,,,0.54,7.94,122.75666666666665
1990-07-01,18.392857142857142,23.68,2.333304829757875,normal,8.47,0.08368151345767895,17.75,,,,,,0.38,8.09,133.75
1990-08-01,28.175217391304347,36.47,4.109768705685182,elevated,8.75,0.11491521052472056,16.17,,,,,,0.92,7.83,202.22652173913042
1990-09-01,29.10736842105263,30.56,0.8057766585052044,elevated,8.89,0.12254461507201019,15.3,,,,,,0.84,8.05,208.75157894736842
1990-10-01,29.625652173913043,33.98,1.9115648660597815,elevated,8.72,0.12350561119490601,14.82,,,,,,0.6,8.120000000000001,212.3795652173913
1990-11-01,24.885714285714286,30.87,3.768865308589007,elevated,8.39,0.12799272993794925,15.19,,,,,,0.22,8.17,179.2
1990-12-01,23.363,26.38,1.3154510933316255,elevated,8.08,0.1336143906110983,15.85,,,,,,0.0,8.08,168.541
1991-01-01,27.429090909090913,36.2,4.742909403561237,elevated,8.09,0.1319692375330342,15.61,,,,,,0.6,7.49,197.0036363636364
1991-02-01,21.59842105263158,23.6,1.1219490142797375,elevated,7.85,0.16863311367246694,17.35,,,,,,0.15,7.699999999999999,156.18894736842105
1991-03-01,17.74421052631579,21.05,2.259014819167058,normal,8.11,0.16901695385562504,17.82,,,,,,0.15,7.959999999999999,129.20947368421054
1991-04-01,17.37272727272727,20.12,1.1594546411719036,normal,8.04,0.16910115031410364,18.16,,,,,,0.15,7.889999999999999,126.6090909090909
1991-05-01,16.93227272727273,18.38,0.8977163186355632,normal,8.07,0.1672278476025079,18.04,,,,,,0.3,7.7700000000000005,123.5259090909091
1991-06-01,17.134999999999998,19.55,0.9362663813478003,normal,8.28,0.16550472363686505,18.02,,,,,,0.29,7.989999999999999,124.945
1991-07-01,17.294090909090908,20.29,1.5582305566033792,normal,8.27,0.16541456305828597,18.1,,,,,,0.15,8.12,126.05863636363635
1991-08-01,15.681363636363637,21.19,1.5225019992309825,normal,7.9,0.13409135462263766,18.51,,,,,,0.29,7.61,114.76954545454545
1991-09-01,16.9565,18.22,0.8587768229167271,normal,7.65,0.11897421111059696,18.36,,,,,,0.44,7.21,123.69549999999998
1991-10-01,16.36391304347826,18.58,1.084660563286692,normal,7.53,0.1111705753265187,18.35,,,,,,0.15,7.38,119.54739130434781
1991-11-01,17.773500000000002,21.92,2.723286085827774,normal,7.42,0.11289365354203641,18.29,,,,,,0.29,7.13,129.41450000000003
1991-12-01,18.347619047619048,20.57,1.5672967324725222,normal,7.09,0.1098442465341868,18.44,,,,,,0.07,7.02,133.43333333333334
1992-01-01,17.68318181818182,19.23,0.9713730408116029,normal,7.03,0.11891110148015516,19.77,,,,,,0.15,6.88,128.78227272727273
1992-02-01,17.47736842105263,18.79,0.7742081410150855,normal,7.34,0.07527283688806574,19.58,,,,,,0.36,6.9799999999999995,127.34157894736842
1992-03-01,17.520454545454545,19.79,1.3552700566333364,normal,7.54,0.07634820243579936,19.28,,,,,,0.51,7.03,127.64318181818182
1992-04-01,16.562857142857144,20.15,1.2061929483177345,normal,7.48,0.07544477746640106,19.3,,,,,,0.14,7.340000000000001,120.94000000000001
1992-05-01,15.077000000000002,16.92,1.1809367379107882,normal,7.39,0.07543164523399377,19.66,,,,,,0.14,7.25,110.53900000000002
1992-06-01,15.203181818181816,18.2,1.353842455361551,normal,7.26,0.0788760869595688,19.32,,,,,,0.36,6.8999999999999995,111.42227272727271
1992-07-01,13.601818181818182,15.83,0.9310344291298294,calm,6.84,0.07949618583687061,19.62,,,,,,0.21,6.63,100.21272727272728
1992-08-01,14.421904761904763,16.19,0.7577177511951201,calm,6.59,0.07743225089765764,19.72,,,,,,0.28,6.31,105.95333333333335
1992-09-01,13.696666666666667,15.19,0.7722909641665721,calm,6.42,0.07660578621338683,19.71,,,,,,0.28,6.14,100.87666666666667
1992-10-01,17.63681818181818,21.02,1.6856294185842071,normal,6.59,0.0791743610311281,19.37,,,,,,0.35,6.24,128.45772727272725
1992-11-01,14.4245,17.33,1.309352893608137,calm,6.87,0.08090389664810302,19.83,,,,,,0.14,6.73,105.9715
1992-12-01,12.191363636363635,12.8,0.42398669627090757,calm,6.77,0.08386848076058927,20.45,,,,,,-0.07,6.84,90.33954545454544
1993-01-01,12.409,14.72,0.922849705503214,calm,6.6,0.053990935426529225,20.32,,,,,,0.49,6.109999999999999,91.863
1993-02-01,13.72157894736842,15.9,1.3043954034038352,calm,6.26,0.05323944234850946,20.55,,,,,,0.35,5.91,101.05105263157894
1993-03-01,13.60608695652174,16.22,1.108191561756994,calm,5.98,0.050672053370143355,20.86,,,,,,0.35,5.630000000000001,100.24260869565218
1993-04-01,12.840952380952379,15.25,1.1348431819502847,calm,5.97,0.05575647005510697,20.46,,,,,,0.28,5.6899999999999995,94.88666666666666
1993-05-01,13.606,14.76,0.7238958924858564,calm,6.04,0.05445957722021751,20.52,,,,,,0.14,5.9,100.242
1993-06-01,12.524090909090908,14.74,1.0432671168288006,calm,5.96,0.04902202075050377,20.61,,,,,,0.14,5.82,92.66863636363635
1993-07-01,11.50047619047619,13.87,0.7759734286074241,calm,5.81,0.04886665783791722,20.56,,,,,,0.0,5.81,85.50333333333333
1993-08-01,11.928636363636365,12.39,0.3028954786649528,calm,5.68,0.04968374703823783,20.81,,,,,,0.28,5.3999999999999995,88.50045454545455
1993-09-01,12.931428571428572,17.3,1.2829001742703354,calm,5.36,0.04944868965630758,20.99,,,,,,0.21,5.15,95.52000000000001
1993-10-01,11.875238095238094,13.14,0.6466731712976739,calm,5.33,0.043151212535031014,21.11,,,,,,0.41,4.92,88.12666666666667
1993-11-01,14.083809523809524,15.9,1.0469167884339048,calm,5.72,0.0413246808560252,21.04,,,,,,0.07,5.6499999999999995,103.58666666666667
1993-12-01,11.356363636363637,13.83,1.3183161895985258,calm,5.77,0.033437548223161105,21.16,,,,,,0.0,5.77,84.49454545454546
1994-01-01,11.29047619047619,12.57,0.6094544789438844,calm,5.75,0.033829347264128055,21.41,,,,,,0.27,5.48,84.03333333333333
1994-02-01,13.64421052631579,15.96,1.5003196540495916,calm,5.97,0.034005480678577074,21.26,,,,,,0.34,5.63,100.50947368421053
1994-03-01,15.223478260869564,20.45,1.8880379635427498,normal,6.48,0.03705695199213291,20.83,,,,,,0.34,6.140000000000001,111.56434782608694
1994-04-01,16.471052631578946,23.87,2.215272480699086,normal,6.97,0.051164933635637434,20.06,,,,,,0.14,6.83,120.29736842105262
1994-05-01,13.897142857142857,16.16,1.2024397816819876,calm,7.18,0.05155696711676914,20.2,,,,,,0.07,7.109999999999999,102.28
1994-06-01,13.408636363636363,16.72,1.4267121558876459,calm,7.1,0.05187590248897846,20.29,,,,,,0.34,6.76,98.86045454545454
1994-07-01,12.4845,14.92,1.2748394119714792,calm,7.3,0.052566467893399534,20.07,,,,,,0.27,7.029999999999999,92.39150000000001
1994-08-01,11.889130434782608,12.83,0.4953411408815167,calm,7.24,0.05773821795738301,20.54,,,,,,0.4,6.84,88.22391304347826
1994-09-01,13.233333333333333,14.56,1.0929196371798495,calm,7.46,0.057036434000660004,20.58,,,,,,0.27,7.1899999999999995,97.63333333333333
1994-10-01,15.245238095238093,16.97,0.9451117343870988,normal,7.74,0.05672035061350007,20.4,,,,,,0.07,7.67,111.71666666666665
1994-11-01,16.383809523809525,18.41,0.8083840435738228,normal,7.96,0.05701326929428416,20.21,,,,,,0.13,7.83,119.68666666666667
1994-12-01,14.177142857142858,18.15,1.9293940573587958,calm,7.81,0.057715873983374105,19.91,,,,,,0.0,7.81,104.24000000000001
1995-01-01,12.274285714285714,14.25,0.8954137112450952,calm,7.78,0.060265880547546745,20.22,,,,,,0.4,7.38,90.92
1995-02-01,11.47,12.51,0.3892300091205716,calm,7.47,0.07040001989401204,20.8,,,,,,0.4,7.069999999999999,85.29
1995-03-01,12.166521739130435,14.22,0.82818316318231,calm,7.2,0.07024702516012722,21.15,,,,,,0.33,6.87,90.16565217391305
1995-04-01,12.442631578947369,13.5,0.5379781295148132,calm,7.06,0.057517576145409775,21.64,,,,,,0.33,6.7299999999999995,92.09842105263158
1995-05-01,12.265909090909092,13.13,0.535427369054354,calm,6.63,0.06083825867474915,22.2,,,,,,0.2,6.43,90.86136363636365
1995-06-01,11.896818181818183,13.45,0.7806248191193439,calm,6.17,0.06287225850913652,22.72,,,,,,0.2,5.97,88.27772727272728
1995-07-01,12.514,13.49,0.5847662600966033,calm,6.28,0.06055587173386718,23.38,,,,,,0.0,6.28,92.598
1995-08-01,12.798260869565217,13.78,0.5789540111576854,calm,6.49,0.06098185203662534,23.28,,,,,,0.26,6.23,94.58782608695653
1995-09-01,12.057,13.22,0.6636827079577293,calm,6.2,0.06275836978984835,23.95,,,,,,0.2,6.0,89.399
1995-10-01,14.357272727272727,15.74,0.6000649315515134,calm,6.04,0.058169516178629546,23.93,,,,,,0.33,5.71,105.50090909090909
1995-11-01,12.46904761904762,13.41,0.6090148172409668,calm,5.93,0.051320022416955165,24.35,,,,,,-0.07,6.0,92.28333333333335
1995-12-01,11.7485,14.55,1.0290582050951658,calm,5.71,0.036114698618187134,25.03,,,,,,-0.07,5.78,87.23949999999999
1996-01-01,13.473636363636365,16.4,1.1607819427501092,calm,5.65,0.04410364599498097,24.76,,,,,,0.59,5.0600000000000005,99.31545454545456
1996-02-01,15.032999999999998,17.04,1.2698988770349937,normal,5.81,0.053809544695592806,25.98,,,,,,0.32,5.489999999999999,110.23099999999998
1996-03-01,17.76238095238095,20.7,1.1575573625609437,normal,6.27,0.06102311856989853,25.63,,,,,,0.52,5.75,129.33666666666664
1996-04-01,16.575238095238095,20.22,1.5531375310886624,normal,6.51,0.06438737046164493,25.42,,,,,,0.39,6.12,121.02666666666667
1996-05-01,16.14636363636364,18.62,0.853600472254888,normal,6.74,0.06337452299660386,25.81,,,,,,0.19,6.55,118.02454545454546
1996-06-01,16.395,18.64,1.1660662615459676,normal,6.91,0.06292136557581206,25.97,,,,,,0.06,6.8500000000000005,119.765
1996-07-01,17.978636363636365,21.55,2.4149323079432374,normal,6.87,0.0811296241179316,24.86,,,,,,0.19,6.68,130.85045454545457
1996-08-01,15.760454545454547,18.76,1.1386687183796929,normal,6.64,0.08204399882732798,25.41,,,,,,0.19,6.449999999999999,115.32318181818182
1996-09-01,16.578,20.51,1.2710981576242617,normal,6.83,0.0791917391052621,25.68,,,,,,0.32,6.51,121.04599999999999
1996-10-01,16.38173913043478,18.48,1.138921547996225,normal,6.53,0.08290924871973322,26.48,,,,,,0.32,6.21,119.67217391304347
1996-11-01,15.997,18.04,1.2922200399231347,normal,6.2,0.08889892087789733,27.59,,,,,,0.19,6.01,116.979
1996-12-01,19.260952380952382,21.99,1.1893859960580702,normal,6.3,0.08781574703162577,27.72,,,,,,0.0,6.3,139.82666666666668
1997-01-01,19.473333333333333,21.14,0.9888697251576335,normal,6.58,0.08704072376394557,28.33,,,,,,0.32,6.26,141.31333333333333
1997-02-01,20.139473684210525,21.41,0.751025030535752,elevated,6.42,0.0813147810936372,29.27,,,,,,0.31,6.11,145.9763157894737
1997-03-01,20.169999999999998,22.14,0.9907891591528125,elevated,6.69,0.08253901844826259,28.8,,,,,,0.25,6.44,146.19
1997-04-01,19.662272727272725,21.34,1.1268283843568228,normal,6.89,0.09730805769408403,27.59,,,,,,0.12,6.77,142.63590909090908
1997-05-01,19.924761904761905,21.57,1.1316519740963609,normal,6.71,0.12168423809968378,29.93,,,,,,-0.06,6.77,144.47333333333333
1997-06-01,20.194285714285712,21.82,0.9531923805222687,elevated,6.49,0.12513092286367825,31.26,,,,,,0.12,6.37,146.35999999999999
1997-07-01,20.529090909090908,23.51,1.387525749536819,elevated,6.22,0.11001027409881312,32.77,,,,,,0.12,6.1,148.70363636363635
1997-08-01,23.084761904761905,24.76,1.613274989106381,elevated,6.3,0.11356223200123468,32.59,,,,,,0.19,6.109999999999999,166.59333333333333
1997-09-01,23.812380952380952,25.99,1.2445597806530002,elevated,6.21,0.11454839946925974,32.67,,,,,,0.25,5.96,171.68666666666667
1997-10-01,23.87086956521739,38.2,5.630515811219722,elevated,6.03,0.11444895198436691,32.9,,,,,,0.25,5.78,172.09608695652173
1997-11-01,32.20611111111111,37.84,3.4904864634652295,stress,5.88,0.11759265203112126,32.34,,,,,,-0.06,5.9399999999999995,230.4427777777778
1997-12-01,26.276363636363637,30.27,2.3187405149687574,elevated,5.81,0.1171275975181153,33.03,,,,,,-0.12,5.93,188.93454545454546
1998-01-01,23.8665,28.69,2.0646811274128365,elevated,5.54,0.11837345914984432,32.86,,,,,,0.19,5.35,172.0655
1998-02-01,19.998947368421053,21.55,0.9614855100129758,normal,5.57,0.12387404723662937,34.71,,,,,,0.19,5.38,144.99263157894737
1998-03-01,20.158636363636365,24.66,2.058525351647782,elevated,5.65,0.1229507054293158,36.3,,,,,,0.19,5.46,146.11045454545456
1998-04-01,22.02857142857143,26.09,1.5522380156222366,elevated,5.64,0.1027732711257514,37.28,,,,,,0.18,5.46,159.2
1998-05-01,20.874000000000002,23.39,1.198259263747999,elevated,5.65,0.08828947936040761,36.96,,,,,,0.18,5.470000000000001,151.11800000000002
1998-06-01,21.66272727272727,25.94,1.7562437780081128,elevated,5.5,0.08602544713643856,36.8,,,,,,0.12,5.38,156.6390909090909
1998-07-01,19.930000000000003,25.25,2.9004268979714323,normal,5.46,0.08148761979019008,38.26,,,,,,0.12,5.34,144.51000000000002
1998-08-01,31.58809523809524,44.28,4.438750521315225,stress,5.34,0.1227851606665635,35.42,,,,,,0.12,5.22,226.11666666666667
1998-09-01,38.2047619047619,45.29,3.304134711308877,stress,4.81,0.1384467132752465,33.53,,,,,,0.12,4.6899999999999995,272.43333333333334
1998-10-01,36.60818181818182,45.74,5.262390038542269,stress,4.53,0.13827594565684648,33.77,,,,,,0.24,4.29,261.2572727272727
1998-11-01,26.223000000000003,29.28,2.531795909293597,elevated,4.83,0.16598251243048517,37.37,,,,,,0.0,4.83,188.561
1998-12-01,25.479090909090907,31.31,2.8280313009160682,elevated,4.65,0.16737774174804473,38.82,,,,,,-0.06,4.71,183.35363636363635
1999-01-01,28.035263157894736,32.98,2.921978721538334,elevated,4.72,0.16888734147941645,40.58,,,,,,0.24,4.4799999999999995,201.24684210526314
1999-02-01,28.82263157894737,31.36,1.546367938483461,elevated,5.0,0.16459064835738374,40.4,,,,,,0.12,4.88,206.75842105263158
1999-03-01,25.309565217391306,29.22,1.766049721993513,elevated,5.23,0.16096913508839156,41.36,,,,,,0.3,4.930000000000001,182.16695652173914
1999-04-01,23.478571428571428,26.42,1.268854939361808,elevated,5.18,0.16217627835661577,42.7,,,,,,0.73,4.449999999999999,169.35
1999-05-01,26.204500000000003,28.9,1.3666188588129318,elevated,5.54,0.16200852635626156,42.56,,,,,,0.0,5.54,188.43150000000003
1999-06-01,23.626363636363635,26.62,1.911884000900795,elevated,5.9,0.16290188482567172,42.18,,,,,,0.0,5.9,170.38454545454545
1999-07-01,21.04904761904762,24.98,2.280957923246075,elevated,5.79,0.1630300356815454,43.83,,,,,,0.3,5.49,152.34333333333333
1999-08-01,24.323636363636364,28.45,2.2555635880123375,elevated,5.94,0.1455591526140602,41.93,,,,,,0.24,5.7,175.26545454545456
1999-09-01,24.541428571428572,27.84,1.7984612470506185,elevated,5.92,0.12827564182293447,41.32,,,,,,0.48,5.4399999999999995,176.79
1999-10-01,24.021428571428572,28.75,2.253142884315785,elevated,6.11,0.1328243392855944,40.55,,,,,,0.18,5.930000000000001,173.15
1999-11-01,21.81809523809524,24.18,1.3366436288241492,elevated,6.03,0.1115250328187788,43.21,,,,,,0.06,5.970000000000001,157.7266666666667
1999-12-01,22.040952380952383,24.76,1.1973884280462401,elevated,6.28,0.10943012943822882,44.2,,,,,,0.0,6.28,159.2866666666667
2000-01-01,23.202,27.01,2.01977226439022,elevated,6.66,0.10436238127048986,43.77,,,,,,0.3,6.36,167.41400000000002
2000-02-01,23.5955,26.0,1.282458473730088,elevated,6.52,0.11028693069377137,42.19,,,,,,0.59,5.93,170.1685
2000-03-01,22.718260869565217,25.47,1.556317483893288,elevated,6.26,0.11255295951364262,43.22,,,,,,0.82,5.4399999999999995,164.0278260869565
2000-04-01,27.164210526315788,33.49,2.1142382809825215,elevated,5.99,0.1076102395484309,43.53,,,,,,0.06,5.930000000000001,195.1494736842105
2000-05-01,26.37318181818182,31.63,2.415106004503117,elevated,6.44,0.11371216806832347,41.97,,,,,,0.12,6.32,189.61227272727274
2000-06-01,21.54,23.05,1.031771477097707,elevated,6.1,0.11539005420347197,42.78,,,,,,0.52,5.58,155.78
2000-07-01,19.893,21.16,0.6431018581842215,normal,6.05,0.10895804116456011,42.76,,,,,,0.23,5.819999999999999,144.251
2000-08-01,18.088695652173914,20.55,1.1604438976209492,normal,5.83,0.09734077268051501,42.87,,,,,,0.0,5.83,131.6208695652174
2000-09-01,19.6875,21.88,1.2539826029180194,normal,5.8,0.09832413306543213,41.9,,,,,,0.52,5.279999999999999,142.8125
2000-10-01,25.2,30.51,2.6111628498757846,elevated,5.74,0.11553098466607103,39.37,,,,,,0.17,5.57,181.4
2000-11-01,26.38285714285714,29.65,1.6997327521029373,elevated,5.72,0.09401379470057286,38.78,,,,,,0.06,5.66,189.67999999999998
2000-12-01,26.5305,31.74,2.244254594338736,elevated,5.24,0.094501492497627,37.27,,,,,,-0.06,5.3,190.7135
2001-01-01,24.918571428571425,29.99,2.6697570783018563,elevated,5.16,0.09491762809625984,36.98,,,,,,0.63,4.53,179.42999999999998
2001-02-01,23.411578947368422,28.35,2.4685381710142513,elevated,5.1,0.09415393836200071,35.83,,,,,,0.4,4.699999999999999,168.88105263157897
2001-03-01,28.49681818181818,32.84,2.26432242858787,elevated,4.89,0.11958274800897646,32.33,,,,,,0.23,4.659999999999999,204.47772727272726
2001-04-01,28.133999999999997,34.72,3.2646566676903004,elevated,5.14,0.11731953771845977,32.17,,,,,,0.4,4.739999999999999,201.938
2001-05-01,22.944090909090907,25.78,1.5440165897545364,elevated,5.39,0.142163355255366,34.07,,,,,,0.45,4.9399999999999995,165.60863636363635
2001-06-01,20.94047619047619,23.17,1.2123385508614188,elevated,5.28,0.13608864904838405,33.07,,,,,,0.17,5.11,151.58333333333331
2001-07-01,22.316190476190474,25.24,1.6054889479235788,elevated,5.24,0.13464707561599037,32.16,,,,,,-0.28,5.5200000000000005,161.2133333333333
2001-08-01,21.86173913043478,25.41,1.622040387833437,elevated,4.97,0.131839577945933,31.4,,,,,,0.0,4.97,158.03217391304347
2001-09-01,35.065333333333335,43.74,5.798652388599398,stress,4.73,0.1656342081752998,27.67,,,,,,0.45,4.28,250.45733333333334
2001-10-01,32.72130434782609,35.31,1.9012252134486751,stress,4.57,0.1725304017490372,28.58,,,,,,-0.34,4.91,234.04913043478263
2001-11-01,26.63095238095238,32.31,2.6856766461394894,elevated,4.65,0.18590399190190138,30.01,,,,,,-0.17,4.82,191.41666666666666
2001-12-01,23.72,25.91,1.3450846187429801,elevated,5.09,0.18699384191120808,30.5,,,,,,-0.39,5.4799999999999995,171.04
2002-01-01,22.252857142857142,24.35,1.0209806210557717,elevated,5.04,0.18643197033089137,30.28,,,,,,0.23,4.81,160.76999999999998
2002-02-01,22.87578947368421,26.09,1.6143430579563716,elevated,4.91,0.18755891872313366,29.09,,,,,,0.4,4.51,165.13052631578947
2002-03-01,18.985,20.5,0.9473425435062243,normal,5.28,0.17339819098042927,30.29,,,,,,0.56,4.720000000000001,137.89499999999998
2002-04-01,19.900454545454547,24.05,1.4276470060998865,normal,5.21,0.176623335613581,29.01,,,,,,0.56,4.65,144.30318181818183
2002-05-01,20.087727272727275,22.56,1.261959669637747,elevated,5.16,0.15965010677947744,28.13,,,,,,0.0,5.16,145.61409090909092
2002-06-01,25.271,28.42,1.6718092940851446,elevated,4.93,0.16675806764705525,26.39,,,,,,0.06,4.87,181.897
2002-07-01,34.04954545454546,44.92,4.778505920386501,stress,4.65,0.19387083676426778,23.46,,,,,,0.11,4.54,243.3468181818182
2002-08-01,33.74272727272727,45.08,4.9643348778281196,stress,4.26,0.196817919338567,23.59,,,,,,0.33,3.9299999999999997,241.1990909090909
2002-09-01,37.6475,40.65,1.867237968652883,stress,3.87,0.16868648232972303,22.37,,,,,,0.17,3.7,268.5325
2002-10-01,35.24304347826087,42.64,3.5164295357424575,stress,3.94,0.16124835967860424,21.96,,,,,,0.17,3.77,251.70130434782612
2002-11-01,28.175,31.42,2.71372437804579,elevated,4.05,0.16838635024208018,23.35,,,,,,0.0,4.05,202.225
2002-12-01,28.21047619047619,30.78,1.364824077273245,elevated,4.03,0.16510271405139246,23.1,,,,,,-0.22,4.25,202.47333333333333
2003-01-01,27.424285714285713,34.69,3.2388201114427044,elevated,4.05,0.16514653217031008,22.9,,,,,,0.44,3.61,196.97
2003-02-01,32.21842105263158,34.33,1.413177126422328,stress,3.9,0.1715156124694838,21.21,,,,,,0.77,3.13,230.52894736842103
2003-03-01,30.634285714285717,33.61,1.7466355413439014,stress,3.81,0.15887472223892937,21.31,,,,,,0.6,3.21,219.44000000000003
2003-04-01,23.99190476190476,29.13,3.235780615319309,elevated,3.96,0.1751680625786168,22.43,,,,,,-0.22,4.18,172.94333333333333
2003-05-01,20.23952380952381,21.59,0.8437800435568277,elevated,3.57,0.1874430719898013,23.59,,,,,,-0.16,3.73,146.67666666666668
2003-06-01,20.362380952380953,22.15,0.7322151648382096,elevated,3.33,0.18939944818804855,24.83,,,,,,0.11,3.22,147.53666666666666
2003-07-01,19.161363636363635,20.22,0.5962924774091284,normal,3.98,0.14370767793743322,24.87,,,,,,0.11,3.87,139.12954545454545
2003-08-01,19.274285714285714,22.68,1.3559888326552378,normal,4.45,0.1440864434934733,24.64,,,,,,0.38,4.07,139.92
2003-09-01,19.532380952380954,22.72,1.5856856711274947,normal,4.27,0.13118776736083446,25.24,,,,,,0.33,3.9399999999999995,141.7266666666667
2003-10-01,18.023478260869567,21.07,1.3670126976056263,normal,4.29,0.1274194281632716,25.68,,,,,,-0.11,4.4,131.16434782608695
2003-11-01,17.40105263157895,19.48,1.0572495486814522,normal,4.3,0.11692164506631918,25.95,,,,,,-0.27,4.57,126.80736842105264
2003-12-01,16.826363636363638,18.31,0.6679217622742065,normal,4.27,0.11495338209169942,26.64,,,,,,-0.11,4.38,122.78454545454547
2004-01-01,16.101,18.22,1.1754367609307488,normal,4.15,0.11693326637081507,27.66,,,,,,0.49,3.66,117.707
2004-02-01,15.99842105263158,17.87,0.9401256603826645,normal,4.08,0.06997978443595122,27.65,,,,,,0.54,3.54,116.98894736842105
2004-03-01,17.687391304347827,21.58,2.3298365478979313,normal,3.83,0.08134047188250115,26.89,,,,,,0.64,3.19,128.81173913043477
2004-04-01,15.69857142857143,17.26,0.8605131359502062,normal,4.35,0.07716731975149407,26.9,,,,,,0.32,4.029999999999999,114.89000000000001
2004-05-01,17.705000000000002,19.96,1.4814342268292076,normal,4.72,0.08290700806198437,25.9,,,,,,0.59,4.13,128.935
2004-06-01,15.342727272727274,17.03,0.7727759597598033,normal,4.73,0.07218331101792075,26.4,,,,,,0.32,4.41,112.39909090909092
2004-07-01,15.502380952380953,17.3,0.9072480628907665,normal,4.5,0.08034479228862634,25.7,,,,,,-0.16,4.66,113.51666666666668
2004-08-01,16.68409090909091,19.34,1.454371600811413,normal,4.28,0.08326778129681112,25.17,-0.003353325559762,-0.0017866938222671,0.0218180069960223,,,0.05,4.23,121.78863636363636
2004-09-01,14.08095238095238,14.91,0.5161289060099687,calm,4.13,0.08227615486673125,25.67,0.0071327250571273,0.0078770550896582,0.0068451653224598,,,0.21,3.92,103.56666666666666
2004-10-01,14.973809523809523,16.58,1.0325816006034403,calm,4.1,0.08168914538400572,25.41,0.0031262611548888,0.0195340228741741,0.0111211347444203,,,0.53,3.5699999999999994,109.81666666666666
2004-11-01,13.577619047619047,16.27,0.9622572668569712,calm,4.19,0.09064709895789165,26.47,0.0012513232525672,0.0263402487158754,-0.004726437501864,,,0.05,4.140000000000001,100.04333333333332
2004-12-01,12.459545454545456,13.67,0.6704971664492337,calm,4.23,0.08991500807552327,27.14,0.0032502167646113,0.0081654289055489,0.0100459017454315,,,-0.37,4.6000000000000005,92.21681818181818
2005-01-01,13.437999999999999,14.65,0.6377064165305306,calm,4.22,0.08217604538359571,26.59,0.0062393248024397,-0.013674781556516,0.0041791830416787,,,0.21,4.01,99.06599999999999
2005-02-01,11.708947368421052,13.14,0.48159335932162745,calm,4.17,0.0828371327129045,26.74,0.0027589230038495,0.0180768235873371,-0.0013081910622683,,,0.58,3.59,86.96263157894737
2005-03-01,13.126363636363635,14.49,0.7400935941747698,calm,4.5,0.08018524715791228,26.34,0.0018719884755136,-0.0144215170528129,-0.0219729939628358,,,0.78,3.7199999999999998,96.88454545454545
2005-04-01,14.459047619047618,17.74,1.6906711825837235,calm,4.34,0.08576750866078106,25.41,0.0032229835811756,-0.0387307681849956,0.0067398841064385,,,0.67,3.67,106.21333333333332
2005-05-01,13.967619047619047,16.32,1.201124076696096,calm,4.14,0.0797511568062444,25.65,0.002416316811212,0.0100539572072904,0.0112065600589081,,,-0.1,4.239999999999999,102.77333333333333
2005-06-01,11.868636363636364,12.7,0.46588671681046323,calm,4.0,0.07806561952644007,26.07,0.0006080013114712,0.0097832404075837,0.0093444269583553,,,0.05,3.95,88.08045454545454
2005-07-01,11.049,12.49,0.6222192877959212,calm,4.18,0.07191768626004669,26.29,-0.0062660522901049,0.0287479174755789,-0.0021527327854173,,,0.46,3.7199999999999998,82.34299999999999
2005-08-01,12.951304347826087,14.17,0.6823242654061595,calm,4.26,0.067668789030932,26.1,0.0039843723864688,-0.0150256662886437,0.0036363102048067,,,0.51,3.75,95.65913043478261
2005-09-01,12.628095238095238,13.79,0.6284315320511772,calm,4.2,0.06566663729699873,25.73,-0.0031054700685746,0.0016733841895874,-0.014444728214653,,,1.22,2.9800000000000004,93.39666666666666
2005-10-01,14.937619047619048,16.47,1.0364936312486666,calm,4.46,0.07462324384256927,24.88,-0.0072511847400295,0.000542458468078,-0.0135160209138309,,,0.2,4.26,109.56333333333333
2005-11-01,12.147619047619047,14.85,1.0631787467867513,calm,4.54,0.07032616608432832,25.93,0.004247619594707,0.0024283903409138,0.0017927257566339,,,-0.8,5.34,90.03333333333333
2005-12-01,11.26,12.21,0.5699912280026777,calm,4.47,0.06867213574087003,26.44,0.0042866034310418,-0.0092832894412107,0.003729542877073,,,-0.4,4.87,83.82
2006-01-01,12.036,14.56,1.0526677888508844,calm,4.42,0.06578115677669123,26.47,-0.0004465541876213,0.0269780023132977,0.0022434988682399,,,0.76,3.66,89.252
2006-02-01,12.471052631578948,13.59,0.6533834567238969,calm,4.57,0.06551462117601614,26.25,0.0062481585950965,0.0055501813690472,-0.0002997363691198,,,0.2,4.37,92.29736842105264
2006-03-01,11.69391304347826,12.74,0.5399557147702418,calm,4.72,0.0651602056214063,26.33,-0.0069416744661132,0.0210530518180648,-0.0097881228565664,,,0.55,4.17,86.85739130434781
2006-04-01,11.84736842105263,13.0,0.5374718814894527,calm,4.99,0.0547894434244525,26.15,-0.0078344579865154,0.0150758291254057,-0.0045703676659896,,,0.85,4.140000000000001,87.93157894736841
2006-05-01,14.454545454545455,18.66,2.4806387949818145,calm,5.11,0.05775443859383492,25.65,1.3962106835381516e-05,0.0017900136093994,-0.0032413728760211,,,0.5,4.61,106.18181818181819
2006-06-01,16.918636363636363,23.81,2.5882671081974173,normal,5.11,0.06632194111787129,24.75,-0.0041946356013697,-0.0003934672153225,-0.0070602372986599,,,0.2,4.91,123.43045454545454
2006-07-01,15.325999999999999,18.64,1.7161106577006282,normal,5.09,0.06486665013323137,24.7,-0.0005135940446908,-0.0052045881086668,0.0110397263016666,,,0.3,4.79,112.282
2006-08-01,13.351739130434783,15.23,1.2606335065928809,calm,4.88,0.06744501600973478,25.05,0.0086864697872572,-0.0018866440989185,0.0138471404654902,,,0.2,4.68,98.46217391304349
2006-09-01,12.1845,13.88,0.7562474880341059,calm,4.72,0.07001773709578678,25.64,0.0032418674085911,0.0012468495961369,0.0083188320735843,,,-0.49,5.21,90.2915
2006-10-01,11.306363636363637,12.57,0.5519018671790038,calm,4.73,0.06433631156527347,26.54,-0.0009140271449936,0.0087462944726041,0.0039877295739258,,,-0.54,5.2700000000000005,84.14454545454545
2006-11-01,10.817619047619049,12.3,0.6104334915607494,calm,4.6,0.05842768453570181,26.93,0.0015225534775707,0.0058472223926972,0.0115566110085234,,,-0.15,4.75,80.72333333333334
2006-12-01,10.9645,12.67,0.706373056349718,calm,4.56,0.0584357832195683,27.28,-0.0048680471591516,0.0169844982956463,-0.0052860488126219,,,0.15,4.409999999999999,81.7515
2007-01-01,11.0425,12.14,0.6624585389210964,calm,4.76,0.05843774363729509,27.21,0.0024566437492749,0.0184091370271433,-0.0035105689740102,,,0.31,4.45,82.2975
2007-02-01,11.155263157894737,18.31,2.1082677682059607,calm,4.72,0.057453773316524105,27.32,0.0052711619297719,-0.0043220644577374,0.0129814635299706,,,0.54,4.18,83.08684210526316
2007-03-01,15.162727272727272,19.63,1.9937907943417053,normal,4.56,0.06803573184916177,26.23,-0.0049106509171433,0.003211626415675,-0.0062742170744319,,,0.91,3.6499999999999995,111.13909090909091
2007-04-01,12.933000000000002,14.53,0.6785208370535047,calm,4.69,0.07538334080610574,26.98,0.0003827475628991,0.0099608751028802,0.0035263156001269,,,0.65,4.04,95.531
2007-05-01,13.297727272727274,14.08,0.3799114159678329,calm,4.75,0.07527263282202958,27.55,-0.0010545878344496,0.0200863958018484,-0.0084843674392446,,,0.61,4.14,98.08409090909092
2007-06-01,14.947619047619046,18.89,1.5529227436093038,calm,5.1,0.06144791616967377,27.42,-0.0029219281737577,-0.0086103401239216,-0.0132546308987092,,,0.19,4.909999999999999,109.63333333333333
2007-07-01,17.273333333333333,24.17,2.7995827069999786,normal,5.0,0.061701070493399214,27.41,-0.001975465222694,-0.0384325878437232,-0.0105329675004835,,,-0.03,5.03,125.91333333333333
2007-08-01,25.02608695652174,30.83,3.0129368625229107,elevated,4.67,0.08557176425715235,26.15,0.002361855682601,-0.0082254324979004,0.0071467329893784,,,-0.18,4.85,180.1826086956522
2007-09-01,22.198947368421056,27.38,3.4120601380932496,elevated,4.52,0.08663016055924262,26.73,-0.002153492116422,0.0179663385086949,0.0114557212179079,,,0.28,4.239999999999999,160.3926315789474
2007-10-01,19.115652173913045,22.96,1.698541690250134,normal,4.53,0.08504760526447824,27.32,0.0049396384081859,-0.0060851301410764,0.0078002247507393,,,0.21,4.32,138.8095652173913
2007-11-01,25.58238095238095,31.09,2.3006475278971017,elevated,4.15,0.10380536699523912,25.73,-0.0103381169748058,-0.0337660328077668,-0.0063169695777996,,,0.59,3.5600000000000005,184.07666666666665
2007-12-01,21.651,24.52,1.7951510711973664,elevated,4.1,0.1027260489398714,25.96,-0.0045271858067071,-0.0042128089619914,-0.0031611971583508,,,-0.07,4.17,156.557
2008-01-01,25.816190476190474,31.01,2.506949293843966,elevated,3.74,0.12645927878922741,24.02,0.0039270019576894,-0.0298584079383555,0.0102619359141994,,,0.5,3.24,185.7133333333333
2008-02-01,25.456,28.97,1.973200445976029,elevated,3.74,0.12577497117638936,23.5,-0.0047850866513182,-0.0142264163075421,-0.0092341485157136,,,0.29,3.45,183.192
2008-03-01,27.103500000000004,32.24,2.031194294782726,elevated,3.51,0.12612771530793887,22.61,-0.0066690377018576,-0.0020785022700775,-0.0073461115895326,,,0.87,2.6399999999999997,194.72450000000003
2008-04-01,21.562727272727273,23.82,1.406692107030776,elevated,3.68,0.12626072222771936,23.36,0.0029047665949578,0.0479830772305236,0.0174502861489403,,,0.61,3.0700000000000003,155.9390909090909
2008-05-01,18.303333333333335,19.73,0.9963249135364094,normal,3.88,0.1238208669168214,23.7,0.005131372708463,0.0215630348819205,-0.0065217628454163,,,0.84,3.04,133.12333333333333
2008-06-01,22.11047619047619,24.12,1.517828963323853,elevated,4.1,0.1292853576085076,22.42,-0.0041336867922891,-0.0320085520395346,-0.0182294509440404,,,1.01,3.09,159.77333333333334
2008-07-01,24.321818181818184,28.54,2.1338019642203965,elevated,4.01,0.1389157819403369,20.91,-0.0118383056850845,-0.0149009664205385,-0.0090301795410196,,,0.53,3.4799999999999995,175.2527272727273
2008-08-01,20.695714285714285,23.49,1.049254837627977,elevated,3.89,0.13916348050879157,21.4,-0.0021349530438098,-0.0097869082266522,0.0078211611573387,,,-0.4,4.29,149.87
2008-09-01,30.23857142857143,46.72,6.720988235158785,stress,3.69,0.13758844863886538,20.36,-0.0394223601550831,0.0069727706719531,-0.0825766427610141,,,-0.14,3.83,216.67000000000002
2008-10-01,61.17739130434782,80.06,10.6850278501323,crisis,3.81,0.24330875962318635,16.39,-0.0071110915965648,-0.1618051422362128,-0.0586170908543965,,,-1.01,4.82,433.2417391304348
2008-11-01,62.66894736842105,80.86,8.179478993688239,crisis,3.53,0.24913479364242785,15.26,-0.0087824785479431,-0.1817701616480928,0.0014647581686721,,,-1.92,5.449999999999999,443.68263157894734
2008-12-01,52.405,68.51,8.288209497030502,crisis,2.42,0.24576004116431452,15.38,0.0169698806411954,0.0069601386125968,0.1036732349331079,,,-1.03,3.45,371.83500000000004
2009-01-01,44.683,56.65,4.412704266928435,stress,2.52,0.24553758775601078,15.17,0.0092702921644349,0.0582024362571544,0.0108571039176655,,,0.44,2.08,317.781
2009-02-01,45.57052631578947,52.62,2.7404753717481,stress,2.87,0.24646029979814643,14.12,-0.0181999579604579,-0.0121150901119581,-0.0321762022196773,,,0.5,2.37,323.9936842105263
2009-03-01,44.79545454545455,52.65,3.7159895525927333,stress,2.82,0.24649695712059363,13.32,0.0295783821969997,0.0627540468688987,0.0107459128237682,,,0.24,2.58,318.5681818181818
2009-04-01,38.063809523809525,42.28,2.1187814332546795,stress,2.93,0.2828598212699242,14.98,0.0624463544356208,0.1041475549930941,0.0599579048937132,,,0.25,2.68,271.44666666666666
2009-05-01,31.977999999999998,35.3,1.7945431906638238,stress,3.29,0.29463894206687746,16.0,0.0642810039196393,0.0359194709934448,0.0447182756297068,,,0.29,3.0,228.84599999999998
2009-06-01,29.140454545454546,32.68,1.941183922673227,elevated,3.72,0.30094470457524863,16.38,0.0269361751675686,0.0065366750105567,0.0253427196113558,,,0.86,2.8600000000000003,208.98318181818183
2009-07-01,26.162727272727274,31.3,2.4346510101296936,elevated,3.56,0.30111882507738313,16.69,-0.0029565553024995,0.0311358562231729,0.0392593284578651,,,-0.16,3.72,188.13909090909092
2009-08-01,25.337142857142858,27.89,0.8001196339119727,elevated,3.59,0.3151931962789075,18.09,0.0401912559139857,0.0156714951256146,0.0213769473281836,,,0.22,3.3699999999999997,182.36
2009-09-01,24.92666666666667,29.15,1.6825169637579689,elevated,3.4,0.317382020910168,18.83,0.0230240622507179,0.0484664759063807,0.0265439650754346,,,0.06,3.34,179.48666666666668
2009-10-01,24.252272727272725,30.69,2.7645492732057937,elevated,3.39,0.2139738347332523,19.36,0.0010208928738812,0.0061567016512757,0.0073830693815262,,,0.1,3.29,174.76590909090908
2009-11-01,23.788999999999998,29.78,2.549096640814257,elevated,3.4,0.18357351583824677,19.81,0.0014850254972573,-0.0003422918099189,0.0126779488213833,,,0.07,3.33,171.523
2009-12-01,21.239545454545453,23.69,1.1622452706998077,elevated,3.59,0.18175698256066494,20.32,-0.0011966481066176,0.0438672195987638,0.001136501138462,,,-0.18,3.77,153.67681818181816
2010-01-01,20.643157894736845,27.31,3.1850223313914134,elevated,3.73,0.17840609112983566,20.53,0.0186642222165638,0.0062857842994044,0.0133552166170715,,,0.34,3.39,149.50210526315792
2010-02-01,22.54,26.51,2.4092737494938183,elevated,3.69,0.15836817674920167,19.92,-0.0005794404512367,-0.005655357833305,0.0035128493598425,,,0.02,3.67,162.78
2010-03-01,17.767391304347825,19.26,0.7782043281070775,normal,3.73,0.1290523488702557,21.0,0.0089449662948404,0.0257753077235922,0.00868885432242,,,0.41,3.32,129.37173913043478
2010-04-01,17.424285714285716,22.81,2.0824278413154462,normal,3.85,0.09709567766472955,21.8,0.0132791806082937,0.0142619654475995,0.0164625484256979,,,0.17,3.68,126.97000000000001
2010-05-01,31.9295,45.79,6.3377652337314245,stress,3.42,0.12587996706029397,20.48,0.0005158299153001,-0.0312699477677577,-0.0064572716325561,,,0.08,3.34,228.50650000000002
2010-06-01,29.916363636363634,36.57,3.8768673478596645,elevated,3.2,0.1373079350244792,19.74,-5.930996550215957e-05,-0.0138223979342178,0.017741485573396,,,-0.1,3.3000000000000003,214.41454545454545
2010-07-01,25.565238095238094,32.86,2.5087997509718063,elevated,3.01,0.13827760500650177,19.67,0.0042561266344657,0.0141432303642574,0.0208123400689145,,,0.02,2.9899999999999998,183.95666666666665
2010-08-01,24.74590909090909,27.46,1.9844794425764793,elevated,2.7,0.11930268643823802,19.77,0.0136312940155958,-0.0207487476311154,0.0143200257408193,,,0.14,2.56,178.22136363636363
2010-09-01,22.517619047619046,23.89,0.8809194331033053,elevated,2.65,0.11871709073181345,20.38,-0.0052982303540204,0.0248561354510649,0.0110488669760356,,,0.06,2.59,162.62333333333333
2010-10-01,20.37333333333333,23.53,1.3070169598491566,elevated,2.54,0.12363674949612147,21.24,-0.0067658914221876,0.0279345502016904,0.0063389074690441,,,0.12,2.42,147.61333333333332
2010-11-01,20.095714285714287,23.54,1.6972406176749693,elevated,2.76,0.12410973658440437,21.7,0.0061464776697494,-0.0008703399587921,-0.0079288561153516,,,0.04,2.7199999999999998,145.67000000000002
2010-12-01,17.56954545454545,21.36,1.175801559515596,normal,3.29,0.1265241002742996,22.4,-0.0044398957149165,0.0247289790854948,-0.0042332778730782,,,0.17,3.12,127.98681818181817
2011-01-01,17.3155,20.04,1.1264731874772966,normal,3.39,0.12865609230069164,22.98,0.0080456174453953,0.0261981462884212,0.0089237695955856,,,0.48,2.91,126.2085
2011-02-01,17.43,22.13,2.0029339590821373,normal,3.58,0.1210576735351199,23.49,0.0049034836672544,0.0108156178703283,0.0060467495616209,,,0.49,3.09,127.00999999999999
2011-03-01,20.723478260869566,29.4,2.9270379205166246,elevated,3.41,0.11565989220452932,22.9,0.0036178644005084,0.0059430211747953,0.0007146879591827,,,0.98,2.43,150.06434782608696
2011-04-01,16.244,17.87,1.042690850888371,normal,3.46,0.11221933640712384,23.14,0.0032824982487813,0.0017466157549077,0.0167192550223874,,,0.64,2.82,118.708
2011-05-01,16.91142857142857,18.4,0.9456018491642543,normal,3.17,0.08173902777533835,23.06,0.0078889545611509,-0.0063018781137915,0.0114277729505605,,,0.47,2.7,123.37999999999998
2011-06-01,19.153181818181817,22.73,1.5472475911195047,normal,3.0,0.08250916684762648,22.1,-0.0067947119889487,-0.0042118345414585,-0.0057000896127896,,,-0.11,3.11,139.07227272727272
2011-07-01,19.2275,25.25,2.672359247438192,normal,3.0,0.08127990719609438,22.61,-0.0003499484863624,-0.0123041566313333,0.0169729163409139,,,0.09,2.91,139.5925
2011-08-01,35.02913043478261,48.0,6.369307735356171,stress,2.3,0.15252613794164227,20.05,0.0015146109271226,-0.048769829634488,-0.0018278332663914,,,0.28,2.0199999999999996,250.20391304347825
2011-09-01,36.53,42.96,3.5826847475043078,stress,1.98,0.15091771236072504,19.7,0.005889638944393,-0.0303592318960246,-0.0075448313283207,,,0.15,1.83,260.71000000000004
2011-10-01,32.829047619047614,45.45,4.812406783265423,stress,2.15,0.147317024141656,20.16,-0.0048522103255734,0.0369397170898729,0.0275107093279923,,,-0.21,2.36,234.80333333333328
2011-11-01,31.94190476190476,36.16,2.246594353788905,stress,2.01,0.14638804044101048,20.35,0.0043467103475009,0.0017187612094558,-0.0177686286929165,,,-0.08,2.09,228.5933333333333
2011-12-01,25.047619047619047,30.59,2.7159600600191185,elevated,1.98,0.1426465378343236,20.52,0.0014291208330108,0.0006005354640463,0.0245096240525003,,,-0.25,2.23,180.33333333333334
2012-01-01,20.228,22.97,1.4210692786549257,elevated,1.97,0.14623830996534792,21.21,0.0078781159979828,0.0157387688864642,0.0229031295528298,,,0.44,1.53,146.596
2012-02-01,18.4205,21.14,1.1008058053319993,normal,1.97,0.14855945330889497,21.8,0.0038312220880811,0.0190415686484183,0.0131215341125425,,,0.44,1.53,133.9435
2012-03-01,16.167272727272728,20.87,1.6499240439030383,normal,2.17,0.14956210466237996,22.05,0.0001030367084815,0.0117918391825192,-0.0064820134076072,,,0.76,1.41,118.17090909090909
2012-04-01,17.823,20.39,1.459740784487005,normal,2.05,0.14874960745599675,21.78,0.001213323025476,-0.0034121602050384,0.0105276221147111,,,0.3,1.7499999999999998,129.761
2012-05-01,21.001818181818184,25.1,2.4276240321677585,elevated,1.8,0.15310948683101863,20.94,0.0114010815798842,-0.0267606858920519,0.0008499025897792,,,-0.12,1.92,152.0127272727273
2012-06-01,21.13095238095238,26.66,2.748608565732678,elevated,1.62,0.1480522733100219,20.55,-0.0054039644880867,0.0119385449614827,0.0110030070803555,,,-0.15,1.77,152.91666666666666
2012-07-01,17.565238095238094,20.47,1.2162467638091343,normal,1.53,0.14767939334794417,21.0,0.010658025142747,-0.0160863059370885,0.0246725977064142,,,-0.16,1.69,127.95666666666665
2012-08-01,15.689565217391305,18.96,1.397554611913479,normal,1.68,0.08240366692310347,21.41,-0.0029556124426608,0.0168643947208633,0.0022163630930067,,,0.56,1.1199999999999999,114.82695652173913
2012-09-01,15.284736842105264,17.98,1.285458709398031,normal,1.72,0.07910992531934544,21.78,0.0055032364040824,0.008830779499155,0.0111680794244613,,,0.45,1.27,111.99315789473685
2012-10-01,16.276190476190475,18.83,1.3679381425725206,normal,1.75,0.08077978236158885,21.58,-0.0008413932811366,-0.002349072011756,0.0077285721630366,,,-0.04,1.79,118.93333333333332
2012-11-01,16.701904761904764,19.08,1.3462117925780455,normal,1.65,0.09247929210741537,20.9,-0.0025220041311205,0.0049910857247055,0.0004100856068928,,,-0.47,2.12,121.91333333333336
2012-12-01,17.307,22.72,1.696138338449399,normal,1.72,0.09288804017945673,21.24,0.0068864856585101,0.0246065034264706,0.0046730388152058,,,-0.27,1.99,126.14899999999999
2013-01-01,13.505238095238095,14.68,0.6523390149885187,calm,1.91,0.09102457420612742,21.9,0.0001794657292995,0.0303633138430447,-0.0044299937642135,,,0.3,1.6099999999999999,99.53666666666666
2013-02-01,14.072631578947368,18.99,1.7023214284071133,calm,1.98,0.08660946311927807,22.05,0.000766118152856,-0.0048869833371785,0.0065073970494751,,,0.82,1.1600000000000001,103.50842105263158
2013-03-01,13.0315,15.36,1.0562310104179016,calm,1.96,0.0862592186517498,22.42,0.0016572736298418,0.0101357146367678,0.002907740362,,,0.26,1.7,96.2205
2013-04-01,13.967272727272727,17.56,1.464679980708225,calm,1.76,0.0854283068976996,22.6,0.0090301632368461,0.000667303234011,0.0188383840601086,,,-0.1,1.86,102.77090909090909
2013-05-01,13.493636363636364,16.3,0.9753804896383254,calm,1.93,0.07661302953294374,23.41,-0.0034825113270118,0.0300290631830984,-0.0195026082256683,,,0.18,1.75,99.45545454545454
2013-06-01,17.2715,20.49,1.3914939907580586,normal,2.3,0.07643386115347742,22.93,-0.0189962917576251,-0.0001570359747617,-0.0272383701387738,,,0.24,2.0599999999999996,125.9005
2013-07-01,13.974545454545455,16.44,1.1868434617073138,calm,2.58,0.07698854404890589,23.49,-8.128328828949406e-05,0.0080072203373945,0.0099634367798646,,,0.04,2.54,102.82181818181819
2013-08-01,14.21,17.01,1.656039452026027,calm,2.74,0.076791966626293,23.36,-0.0002622573789018,0.0030638460497569,-0.0056246408290925,,,0.12,2.62,104.47
2013-09-01,14.692000000000002,16.61,1.0631561750898029,calm,2.81,0.07541116835901032,23.44,0.0045347327962732,0.0013039651775137,0.0066695494572102,,,0.12,2.69,107.84400000000001
2013-10-01,15.407826086956522,20.34,2.394311357670585,normal,2.62,0.07327961364874522,23.83,0.0027190174845506,0.0070206535870073,0.017129386424122,,,-0.26,2.88,112.85478260869566
2013-11-01,12.924000000000001,13.91,0.463412968039705,calm,2.72,0.05656305068968842,24.64,-0.0046299890574792,0.0107131995953509,-0.0008924912987556,,,-0.2,2.9200000000000004,95.468
2013-12-01,14.192380952380953,16.21,1.1577689957927901,calm,2.9,0.056997614940669704,24.86,0.0007428407094348,0.0066796852833987,0.0025661578884717,,,-0.01,2.9099999999999997,104.34666666666666
2014-01-01,14.24095238095238,18.41,2.162227797346768,calm,2.86,0.05359603001612132,24.86,0.0117471979804345,-0.0097625480602334,0.012416040302681,,,0.37,2.4899999999999998,104.68666666666667
2014-02-01,15.47,21.44,2.2814420391010977,normal,2.71,0.05699594871930692,24.59,0.0032125960300467,0.0080056562307583,0.0122821241740887,,,0.37,2.34,113.29
2014-03-01,14.836666666666666,17.82,0.946172993343888,calm,2.72,0.057016109433006924,24.96,0.0066567331849358,-9.958651775035548e-05,0.0016091951589092,,,0.64,2.08,108.85666666666665
2014-04-01,14.19809523809524,17.03,1.1702932070537668,calm,2.71,0.05892596814707337,24.79,0.0053629410607848,-0.0063375002241049,0.0090905017842492,,,0.33,2.38,104.38666666666668
2014-05-01,12.475238095238096,13.8,0.75724249119829,calm,2.56,0.049889691382147,24.94,0.0088115150260505,-0.0051765219668765,0.0128066042188039,,,0.35,2.21,92.32666666666667
2014-06-01,11.541428571428572,12.65,0.6094036898008227,calm,2.6,0.044829757374335144,25.56,-0.0011631047924155,0.0078834733832169,0.0021475898985995,,,0.19,2.41,85.79
2014-07-01,12.296363636363635,16.95,1.3988040655691614,calm,2.54,0.04175316251327202,25.82,0.0010993576265066,-0.0144581204205913,-0.0037600799510421,,,-0.04,2.58,91.07454545454544
2014-08-01,13.491904761904761,17.03,1.995827194542703,calm,2.42,0.04450940356168354,25.62,0.0005897969255586,-0.0060812057488314,0.0148541367370487,,,-0.17,2.59,99.44333333333333
2014-09-01,13.466666666666667,16.31,1.3333766659625235,calm,2.53,0.044431159819087455,25.92,-0.0062570049192886,-0.0124805996926304,-0.0151584628254718,,,0.08,2.4499999999999997,99.26666666666667
2014-10-01,18.058695652173913,26.25,3.746979758719409,normal,2.3,0.060771943954973366,25.16,-0.0014194509340446,-0.0068810425990407,0.0102583921490304,,,-0.25,2.55,131.4108695652174
2014-11-01,13.413157894736841,14.89,0.7694951637388917,calm,2.33,0.07084690330436262,26.61,0.0004953420978333,-0.0147685704996218,0.0019268586551004,,,-0.54,2.87,98.89210526315789
2014-12-01,16.292272727272728,23.57,3.1989982536475114,normal,2.21,0.0711030176340085,26.79,-0.0037810764128235,-0.025577158132378,-0.0013048170725441,0.19923540493434924,2.0,-0.57,2.78,119.04590909090909
2015-01-01,19.1195,22.39,1.9365962408308035,normal,1.88,0.07488537033386579,26.49,0.0115012399522218,-0.0339866623896316,0.0216176819981067,0.014066996702137513,37.0,-0.47,2.3499999999999996,138.8365
2015-02-01,15.90421052631579,19.43,1.8184129704206782,normal,1.98,0.07554079526742229,27.0,-0.0046735307863966,0.0413183355565989,-0.001554593302339,0.01241293682495548,42.0,0.43,1.55,116.32947368421053
2015-03-01,14.812727272727273,16.87,1.1063934623390064,calm,2.04,0.07483678435255282,26.73,-0.0014391500713299,-0.0130577654681336,0.0003781020834173,0.011585123983687832,42.0,0.6,1.44,108.68909090909091
2015-04-01,13.494761904761905,15.11,0.8854299466791211,calm,1.94,0.0742779466895961,26.79,-0.0023993295008973,0.0236915882767813,-0.003318297616207,0.010053977965062837,46.0,0.2,1.74,99.46333333333334
2015-05-01,13.3385,15.15,0.8845056603311792,calm,2.2,0.07416819250169654,26.81,-0.006693603322694,0.0062574406520777,-0.0060107289557431,0.010833089507342252,47.0,0.51,1.6900000000000002,98.3695
2015-06-01,14.339545454545457,18.85,1.5836861078861835,calm,2.36,0.07193371850673334,26.5,-0.0073489730971864,-0.0094537556417744,-0.0163933301735433,0.008876006766762529,48.0,0.35,2.01,105.3768181818182
2015-07-01,14.352727272727272,19.97,2.498956318942506,calm,2.32,0.07198374012789568,26.38,-0.0044501289180517,-0.0296803640886063,0.0014655042158534,0.006055542742175664,49.0,0.01,2.31,105.46909090909091
2015-08-01,19.42809523809524,40.74,8.899110977534566,normal,2.17,0.0779669736374855,25.69,-0.0056467731243067,-0.0154984470119801,-0.0065628333137884,0.01297841975976831,49.0,-0.14,2.31,140.99666666666667
2015-09-01,24.377142857142857,31.4,2.6718797556348646,elevated,2.17,0.09158521973773687,24.5,-0.003020516889772,-0.0483512846303038,-0.0017637537529079,0.013949108105978431,52.0,-0.16,2.33,175.64
2015-10-01,16.789545454545454,22.55,2.2599167225970063,normal,2.07,0.09577282008772531,25.49,-0.0043461572659518,0.0248700931075529,0.0106803619524651,0.016471414924341614,54.0,-0.04,2.11,122.52681818181819
2015-11-01,16.21,20.08,1.5887167943442848,normal,2.26,0.08341769508890261,26.23,-0.006156361173825,-0.0345540351979544,-0.0070217888377112,0.010764175030060065,54.0,-0.21,2.4699999999999998,118.47
2015-12-01,18.025454545454547,24.39,2.524453221841132,normal,2.24,0.08450821665516775,25.97,-0.0106883018024768,-0.0318463894244853,-0.0120266850647607,0.014642793257272128,54.0,-0.34,2.58,131.17818181818183
2016-01-01,23.717894736842105,27.59,2.504299811096836,elevated,2.09,0.10845204366676636,24.21,-0.0224437338927074,-0.0277675722176838,-0.0070709614278946,0.02277478755304201,54.0,0.17,1.92,171.02526315789473
2016-02-01,22.517,28.14,2.682255727829412,elevated,1.78,0.10307500294421428,24.0,0.0058226143019109,-0.0140638407420415,0.0104102559413501,0.0127292241952577,54.0,0.08,1.7,162.619
2016-03-01,15.84909090909091,18.67,1.676768175733163,normal,1.89,0.12323447023965117,25.37,0.0349018334743807,0.0383358820818198,0.0364113681907288,0.013576475416188147,54.0,0.43,1.46,115.94363636363637
2016-04-01,14.300476190476191,16.26,1.0028782388230202,calm,1.81,0.12626512806873488,25.92,0.0117585588435354,0.0323124102441588,0.020363376576098,0.020001809082402643,56.0,0.47,1.34,105.10333333333334
2016-05-01,14.852857142857141,16.33,0.909319211592622,calm,1.81,0.12593372785303267,25.69,0.0001230204548105,0.0062416642303708,-0.0004885363835254,0.01824811440677956,56.0,0.4,1.4100000000000001,108.96999999999998
2016-06-01,17.774545454545457,25.76,3.464271691853623,normal,1.64,0.12627387988305022,25.84,0.021075066012669,-0.0091349372883629,0.0227430960172622,0.008792609456348908,57.0,0.33,1.3099999999999998,129.4218181818182
2016-07-01,13.1585,15.58,1.0839026709073096,calm,1.5,0.13004752640334058,26.69,0.0062354711806159,0.0135042293834829,0.0134335145272641,0.013651821690765117,57.0,-0.16,1.66,97.1095
2016-08-01,12.399565217391304,13.65,0.7820571838012733,calm,1.56,0.12641963332315434,26.95,0.0037514512278268,0.016996179862175,0.0074476923445649,0.006574235547860482,57.0,0.09,1.47,91.79695652173913
2016-09-01,14.21952380952381,18.14,2.048974075459415,calm,1.63,0.11351136842175268,26.73,-0.0010092363426787,0.0144073578114737,0.000142722524289,0.004592994336016733,58.0,0.24,1.39,104.53666666666668
2016-10-01,14.585238095238097,17.06,1.3763270652269364,calm,1.76,0.10879712516577686,26.53,0.0044666559579354,0.0194440951611809,-0.0091075834132476,0.006286698418058811,61.0,0.12,1.6400000000000001,107.09666666666668
2016-11-01,15.236190476190476,22.51,3.2799443229885434,normal,2.14,0.10626774650856619,26.85,-0.0102720218433921,0.0266962550810752,-0.0229279123624438,0.024873841252729702,61.0,-0.16,2.3000000000000003,111.65333333333334
2016-12-01,12.472380952380954,14.12,0.8995771493424269,calm,2.49,0.10964263422300984,27.87,0.0076686824016482,0.0172632472529678,0.0075828690664855,0.013411061296248474,61.0,0.03,2.4600000000000004,92.30666666666667
2017-01-01,11.6085,12.85,0.6226283422970547,calm,2.43,0.07214526681327926,28.06,0.0029220195053648,0.0089878795971208,0.003787188772,0.006348738581437151,61.0,0.58,1.85,86.2595
2017-02-01,11.530526315789475,12.92,0.5237522069347361,calm,2.42,0.06860602012406891,28.66,0.0051741785159045,-0.0008278523085703,0.011874124276944,0.012229961069659429,63.0,0.31,2.11,85.71368421052632
2017-03-01,11.89782608695652,13.12,0.6292416541270434,calm,2.48,0.050060752798022475,29.09,-0.0027344808085314,0.0011705845314372,-0.0033233227862459,0.014257734707580478,63.0,0.08,2.4,88.28478260869565
2017-04-01,13.136315789473684,15.96,1.859247788537419,calm,2.3,0.050322769302039765,28.9,-0.0001958836413,9.971837474645824e-05,0.0099599837623119,0.00534068951310153,63.0,0.3,1.9999999999999998,96.95421052631579
2017-05-01,10.862272727272726,15.59,1.4651017576172514,calm,2.3,0.047494827044870125,29.31,0.0038413165955873,-0.0044511478860437,0.0099765502497898,0.004868177136475396,65.0,0.09,2.21,81.03590909090909
2017-06-01,10.513636363636364,11.46,0.4922208704244317,calm,2.19,0.047458341700088294,29.75,0.0062791300092498,-0.006817727818944,0.0042389458357473,0.0065626434694212145,67.0,0.09,2.1,78.59545454545454
2017-07-01,10.2645,12.54,0.8307984428437367,calm,2.32,0.04342501009418313,30.0,0.0001702108568305,0.0043649574400834,0.0051301230603889,0.006572025853615081,69.0,-0.07,2.3899999999999997,76.8515
2017-08-01,11.975652173913044,16.04,1.7992064566129664,calm,2.21,0.04461574705448081,29.91,0.001978331827676,-0.0097627833761278,0.0047519190775714,0.003856444070650857,69.0,0.3,1.91,88.8295652173913
2017-09-01,10.437999999999999,12.23,0.8259387004143255,calm,2.2,0.04097573356439445,30.17,0.0021436367932709,0.0102562927836325,0.0005127833871849,0.004543976585247849,69.0,0.53,1.6700000000000002,78.06599999999999
2017-10-01,10.125454545454545,11.3,0.599132128465256,calm,2.36,0.03731026154700229,30.92,0.004498413245928,0.001959167573365,0.0014066210577116,0.004546544894185068,69.0,-0.06,2.42,75.87818181818182
2017-11-01,10.54047619047619,13.13,0.9865874324684875,calm,2.35,0.03699447388677849,31.3,0.0048250930465608,-0.0024436319614317,-0.0017555787301044,0.005927688058438993,70.0,0.0,2.35,78.78333333333333
2017-12-01,10.2645,11.68,0.7027126012816338,calm,2.4,0.03140619171926438,32.09,-0.0001955004633061,-0.0064536442687387,0.0063477070040336,0.0033830523585801357,71.0,-0.06,2.46,76.8515
2018-01-01,11.062380952380952,14.79,1.578932882556775,calm,2.58,0.04455809863960177,33.31,0.0033211450896174,0.0223381811175053,-0.0073459054719749,0.005965614666711064,72.0,0.54,2.04,82.43666666666667
2018-02-01,22.464736842105264,37.32,6.449732439257592,elevated,2.86,0.06447330886852567,32.04,-0.0109000810172103,0.0102427339393226,-0.0169098344870692,0.008617327025586994,72.0,0.45,2.4099999999999997,162.25315789473686
2018-03-01,19.023809523809526,24.87,2.859645915477082,normal,2.84,0.0656799236538346,31.81,-0.0017425314504163,-0.0120028019098396,0.0002745446838147,0.005558381748192823,73.0,0.23,2.61,138.16666666666669
2018-04-01,18.267619047619046,23.62,2.4556219268484814,normal,2.87,0.07081877371414773,30.97,-0.0040195039894404,0.0154552292514296,-0.0088496233554132,0.007143228567227599,74.0,0.4,2.47,132.87333333333333
2018-05-01,14.124545454545455,17.02,1.2837806045787739,calm,2.98,0.07109457272857432,31.24,0.0009632634766362,-0.0058610425784568,0.0038972162367324,0.006759789808234462,76.0,0.42,2.56,103.87181818181818
2018-06-01,13.678095238095239,17.91,1.9572649770729018,calm,2.91,0.07148335899702982,31.63,-0.0033235452866567,0.0063999739503669,-0.0049370766406167,0.010879890502442539,84.0,0.16,2.75,100.74666666666667
2018-07-01,13.147619047619049,16.14,1.1568012135276515,calm,2.89,0.0715417274649906,31.89,0.0028645585976414,0.0026703883809887,0.0073316553407932,0.006636143611853518,86.0,0.01,2.8800000000000003,97.03333333333335
2018-08-01,12.54695652173913,14.78,1.023396460911183,calm,2.89,0.07156817359099314,32.39,-0.0003836702306082,0.0022807733923923,0.0036572130662425,0.00527526479163974,88.0,0.06,2.83,92.8286956521739
2018-09-01,12.910526315789474,14.88,0.9717194021378961,calm,3.0,0.07158140924504125,32.62,-0.0038573610884259,0.0109022869342071,-0.0030376706849339,0.006460388513415742,90.0,0.12,2.88,95.37368421052632
2018-10-01,19.35217391304348,25.23,4.423571116521685,normal,3.15,0.08755515708657545,31.04,-0.0129879416628805,0.00223103273778,-0.0171406057768136,0.006503381562298931,91.0,0.18,2.9699999999999998,140.46521739130435
2018-11-01,19.38904761904762,22.48,1.5459654095803848,normal,3.12,0.09193436939965666,30.2,-0.0054748497111246,-0.0100640645796112,-0.0049053554544759,0.00526912673868144,93.0,-0.33,3.45,140.72333333333333
2018-12-01,24.953157894736844,36.07,4.679108477087369,elevated,2.83,0.10745050578076161,28.29,-0.0004534426485995,-0.0435602247452367,0.0066835250556878,0.010637154850039304,95.0,-0.32,3.15,179.6721052631579
2019-01-01,19.57238095238095,25.45,2.052144986987775,normal,2.71,0.09595368369319733,28.38,-0.0037950066509569,0.0171158063767503,0.0257525378023197,0.014494182946717213,99.0,0.19,2.52,142.00666666666666
2019-02-01,15.234736842105262,16.37,0.759066447252827,normal,2.68,0.10890001472870674,29.54,0.0042779324062895,0.0147419232981024,0.0023455287035962,0.013647774923020823,100.0,0.42,2.2600000000000002,111.64315789473683
2019-03-01,14.485238095238095,16.59,1.1601535202188502,calm,2.57,0.11002893353659858,29.58,0.0114508982255707,-0.0199399223865792,0.0207135782654622,0.008726380247769238,101.0,0.56,2.01,106.39666666666668
2019-04-01,12.949047619047619,14.28,0.5938005116358928,calm,2.53,0.11161966928623861,30.13,0.0012489467244204,0.0120724328844494,0.0037428370300742,0.01710863984585989,103.0,0.53,1.9999999999999998,95.64333333333333
2019-05-01,16.721818181818183,20.55,1.938923698402056,normal,2.4,0.11352846767454992,29.24,4.419852744203951e-05,-0.0265220920955985,0.0075016201899749,0.014485135195764848,105.0,0.21,2.19,122.05272727272728
2019-06-01,15.836000000000002,18.86,0.9362152249180838,normal,2.07,0.11274471204656847,29.28,0.011438846765178,-0.0063154376946959,0.0241495052485292,0.013073464221509032,106.0,0.02,2.05,115.85200000000002
2019-07-01,13.305909090909092,16.12,0.925432506817934,calm,2.06,0.11692702952869491,29.99,0.0059607479334561,0.0006863390433098,0.00307352887886,0.014880177625284426,110.0,0.17,1.8900000000000001,98.14136363636364
2019-08-01,18.97909090909091,24.59,2.058741892957488,normal,1.63,0.12148609934641931,28.71,0.0193825746413637,-0.0347719846967462,0.0261474300450593,0.018513401468611513,110.0,-0.01,1.64,137.85363636363638
2019-09-01,15.559000000000001,19.66,1.4553310348689157,normal,1.7,0.12394182551122154,29.23,-0.0073218719829676,0.0085296637038794,-0.0070560760445272,0.012731021805885326,111.0,0.08,1.6199999999999999,113.91300000000001
2019-10-01,15.466521739130435,20.56,2.5991215451232956,normal,1.71,0.11493591933833265,28.84,-0.0046520276755207,-0.0001381287408724,0.0026858736036106,0.009306114886121493,112.0,0.23,1.48,113.26565217391305
2019-11-01,12.5235,13.13,0.46459121816926385,calm,1.81,0.11577461827578418,29.84,0.0017530831910241,0.0006440780971507,0.0035784936190203,0.007714456986290197,112.0,-0.05,1.86,92.6645
2019-12-01,13.756666666666666,15.96,1.2857501053211442,calm,1.86,0.0873033391021052,30.33,0.0036815484087368,0.0206228034011115,0.0051469607941941,0.0061540720762849254,112.0,-0.09,1.9500000000000002,101.29666666666667
2020-01-01,13.94095238095238,18.84,1.9937324413318476,calm,1.76,0.088303744834866,30.99,0.0208152195946686,-0.0220512606775187,0.0157465497133115,0.008810081586953736,114.0,0.39,1.37,102.58666666666666
2020-02-01,19.628947368421052,40.11,8.332956587975003,normal,1.5,0.08074131938164515,30.73,-0.0024267892153943,-0.032650717564195,0.0052226384041685,0.008688528041173245,117.0,0.27,1.23,142.40263157894736
2020-03-01,57.73681818181819,82.69,14.56076246903485,crisis,0.87,0.2397216783237388,24.82,-0.0141765220270938,-0.0945348891546197,-0.0720709902268644,0.030461081799495533,119.0,-0.22,1.09,409.1577272727273
2020-04-01,41.453809523809525,57.06,6.215479447468613,stress,0.66,0.24077455821500018,25.93,0.0304572329609442,0.0098702573420021,0.0566819214604626,0.023550009641294556,120.0,-0.67,1.33,295.1766666666667
2020-05-01,30.897000000000002,37.19,3.137587239298775,stress,0.67,0.24738273700742497,27.33,0.0132572666988598,0.0473615123619173,0.0213809919276948,0.014353083568950792,122.0,0.0,0.67,221.27900000000002
2020-06-01,31.119545454545456,40.79,4.168944684635403,stress,0.73,0.2544243557084254,28.84,0.0144449608428202,0.0072801477496079,0.020315126178995,0.010979824368231141,127.0,0.55,0.17999999999999994,222.8368181818182
2020-07-01,26.840454545454545,32.19,2.1842716499310786,elevated,0.62,0.2540116241675721,29.6,0.0174108632597897,0.0083116642998638,0.0336097392065048,0.014152936047798879,131.0,0.51,0.10999999999999999,192.8831818181818
2020-08-01,22.88952380952381,26.41,1.1693480071838167,elevated,0.65,0.2546871783698207,31.16,-0.0016695196296526,0.0396160663436035,-0.0105421443063469,0.01135857397551068,132.0,0.32,0.33,165.22666666666666
2020-09-01,27.64761904761905,33.6,2.1629884529555525,elevated,0.68,0.2548558701729394,30.84,0.0016506908676097,-0.0130915966870886,-0.0045028675280666,0.010435970303108832,139.0,0.14,0.54,198.53333333333333
2020-10-01,29.438636363636363,40.28,4.264979534874752,elevated,0.79,0.254583227375695,31.28,-0.0017071586479019,0.0083156461398988,-8.616460985192797e-05,0.007603993338899038,146.0,0.04,0.75,211.07045454545454
2020-11-01,24.9955,37.13,4.465363160807275,elevated,0.87,0.25404485565024193,32.47,0.0116131622402805,0.0192396640042088,0.0308057032174646,0.010675100063299083,146.0,-0.06,0.9299999999999999,179.9685
2020-12-01,22.37409090909091,25.16,1.2599117848594423,elevated,0.93,0.25552816826269387,33.77,0.0099353226550338,0.0221126565928772,0.006349213519464,0.011235373473786529,148.0,0.09,0.8400000000000001,161.61863636363637
2021-01-01,24.91,37.21,4.244426410665587,elevated,1.08,0.2551658589034777,34.51,-0.0117607052622455,0.023565826868299,-0.0106282189302496,0.008906472379964357,153.0,0.43,0.6500000000000001,179.37
2021-02-01,23.140526315789476,30.24,2.894831550816444,elevated,1.26,0.25500315619904707,35.1,0.0052747408295452,0.0305339673479615,-0.0183272079786084,0.011670514803356579,156.0,0.55,0.71,166.98368421052632
2021-03-01,21.84304347826087,28.57,2.659558122529875,elevated,1.61,0.07189947783742845,35.04,-0.0053708042997698,0.0145486412341515,-0.0108616024326937,0.016450466159027205,160.0,0.71,0.9000000000000001,157.90130434782608
2021-04-01,17.416190476190476,18.71,0.689619287654256,normal,1.64,0.07583784009273069,36.72,0.0057407608015472,0.0046434014286337,0.0105716325552971,0.006901733919946305,161.0,0.82,0.82,126.91333333333333
2021-05-01,19.7605,27.59,2.5921997872158897,normal,1.62,0.07636176761343952,36.55,0.0038452743871212,-0.0027739113900071,0.0064876607389046,0.004823331456990684,162.0,0.8,0.8200000000000001,143.3235
2021-06-01,16.956818181818182,20.7,1.2018453523986576,normal,1.52,0.06875828227102605,36.7,-0.0100700628911705,-0.0024755119613651,0.017531301920241,0.008717182257855118,168.0,0.93,0.59,123.69772727272728
2021-07-01,17.603333333333335,22.5,1.672851856361864,normal,1.32,0.06847524494178002,37.44,0.0106762414689883,-0.0082390703336856,0.0122782596986585,0.008502747928331437,172.0,0.48,0.8400000000000001,128.22333333333336
2021-08-01,17.472727272727273,21.67,1.7027210207367722,normal,1.28,0.060102503969330937,37.97,-0.0032649616757556,0.0096075251898691,-0.0017331687116006,0.006975966476767451,172.0,0.21,1.07,127.30909090909091
2021-09-01,19.824761904761903,25.71,2.6872246259805306,normal,1.37,0.057097633414069024,37.62,0.0034049801563946,0.012143073977082,-0.0099472431095621,0.008876557669405517,172.0,0.27,1.1,143.7733333333333
2021-10-01,17.871428571428574,22.96,2.418380213519548,normal,1.58,0.06010007071013394,37.25,0.0039969764684121,-0.0006870182475084,0.0027499121809363,0.005674893126781991,172.0,0.83,0.7500000000000001,130.10000000000002
2021-11-01,18.50047619047619,28.62,3.5637725463200893,normal,1.56,0.0627410696744441,38.58,-0.0002550875108964,-0.0105293808085795,-0.0010891416830319,0.010501750903710156,175.0,0.49,1.07,134.50333333333333
2021-12-01,21.354545454545455,31.12,4.240051355565815,elevated,1.47,0.06288906884655164,38.3,-0.0019672136477523,0.0174827906456117,0.0011000435112503,0.004250290068043,178.0,0.31,1.16,154.4818181818182
2022-01-01,23.181,31.96,5.229567658491172,elevated,1.76,0.07461691071770284,36.94,,,,0.014412626649032034,180.0,0.84,0.92,167.267
2022-02-01,25.748421052631578,31.02,3.3472845763525556,elevated,1.93,0.08696857323037416,35.29,,,,0.014408423579703598,183.0,0.91,1.02,185.23894736842104
2022-03-01,26.968695652173913,36.45,5.5189584856926,elevated,2.13,0.08949539014600881,34.27,,,,0.11699390511966452,190.0,1.34,0.7899999999999998,193.7808695652174
2022-04-01,24.3735,33.52,4.61098947595507,elevated,2.75,0.07304558674593055,33.89,,,,0.0213692935716423,194.0,0.56,2.19,175.6145
2022-05-01,29.313636363636363,34.75,2.5838169356032097,elevated,2.9,0.11438354217561869,30.67,,,,0.018838356769489868,194.0,1.1,1.7999999999999998,210.19545454545454
2022-06-01,28.23318181818182,34.02,2.953261935657935,elevated,3.14,0.11667921184014528,29.05,,,,0.04827144615893341,194.0,1.37,1.77,202.63227272727272
2022-07-01,24.995238095238093,27.54,1.8444202857473115,elevated,2.9,0.11066993583123567,29.0,,,,0.010197660172639835,194.0,-0.01,2.9099999999999997,179.96666666666664
2022-08-01,22.169565217391302,26.21,2.2682301435678256,elevated,2.9,0.12857269929992926,30.7,,,,0.013120302162185469,195.0,-0.04,2.94,160.18695652173912
2022-09-01,27.34181818181818,32.6,2.8814557107453553,elevated,3.52,0.1467651902220146,28.23,,,,0.027476593837177817,198.0,0.22,3.3,196.39272727272726
2022-10-01,30.005714285714287,33.63,2.228312301784854,stress,3.98,0.14709948439072643,27.08,,,,0.022542520275259964,198.0,0.41,3.57,215.04000000000002
2022-11-01,23.29909090909091,26.09,1.9039405480186653,elevated,3.89,0.14931198908954404,28.38,,,,0.03229826912289339,200.0,-0.1,3.99,168.09363636363636
2022-12-01,21.784285714285716,25.0,1.2705965977782707,elevated,3.62,0.1489984588938604,28.32,,,,0.005654465380766347,202.0,-0.31,3.93,157.49
2023-01-01,20.16904761904762,22.9,1.3317766508011197,elevated,3.53,0.15113774192392143,28.33,,,,0.014612838121795873,204.0,0.8,2.7299999999999995,146.18333333333334
2023-02-01,20.1205,22.87,1.3885148256510045,elevated,3.75,0.15499610283449777,28.92,,,,0.013514845929905876,206.0,0.56,3.19,145.8435
2023-03-01,21.644347826086957,26.52,2.5639348773586206,elevated,3.66,0.15636447384837568,27.95,,,,0.013469408812161989,209.0,0.33,3.33,156.51043478260868
2023-04-01,17.817894736842106,19.1,1.0972722691969135,normal,3.46,0.16301780863973298,28.76,,,,0.007433543502272646,212.0,0.51,2.95,129.72526315789474
2023-05-01,17.63608695652174,20.09,1.0519969716964488,normal,3.57,0.1391064838047244,28.76,,,,0.008137155189209575,213.0,0.25,3.32,128.4526086956522
2023-06-01,14.003181818181817,15.65,0.6424238799721272,calm,3.75,0.1391421914761383,29.94,,,,0.023749811304393555,214.0,0.32,3.43,103.02227272727272
2023-07-01,13.932380952380951,15.44,0.6340102898368821,calm,3.9,0.14163675143362572,30.89,,,,0.004498006196476823,214.0,0.19,3.71,102.52666666666666
2023-08-01,15.85391304347826,17.89,1.1932489610320014,normal,4.17,0.13232007188023195,30.47,,,,0.011201500417073183,215.0,0.44,3.73,115.97739130434782
2023-09-01,15.173333333333332,18.94,1.90248346466752,normal,4.38,0.09675121876387713,30.81,,,,0.010604119773575076,216.0,0.25,4.13,111.21333333333332
2023-10-01,18.887727272727272,21.71,1.6148416753241284,normal,4.8,,,,,,,,-0.04,4.84,137.2140909090909
2023-11-01,14.01909090909091,16.87,1.1438860628031637,calm,4.5,,,,,,,,-0.2,4.7,103.13363636363637
2023-12-01,12.7185,13.67,0.4382894381330075,calm,4.02,,,,,,,,-0.1,4.119999999999999,94.0295
2024-01-01,13.388636363636364,14.79,0.6136486931581607,calm,4.06,,,,,,,,0.54,3.5199999999999996,98.72045454545454
2024-02-01,13.980476190476189,15.85,0.8389605246403211,calm,4.21,,,,,,,,0.62,3.59,102.86333333333332
2024-03-01,13.7875,15.22,0.7280679190411031,calm,4.21,,,,,,,,0.65,3.56,101.5125
2024-04-01,16.137727272727275,19.23,1.561763142270336,normal,4.54,,,,,,,,0.39,4.15,117.96409090909093
2024-05-01,13.058695652173913,15.39,0.9397306400715727,calm,4.48,,,,,,,,0.17,4.3100000000000005,96.4108695652174
2024-06-01,12.667,13.33,0.40794865517998424,calm,4.31,,,,,,,,0.03,4.279999999999999,93.669
2024-07-01,14.373913043478263,18.46,2.1691111273984904,calm,4.25,,,,,,,,0.12,4.13,105.61739130434783
2024-08-01,19.312272727272727,38.57,5.8654305503624835,normal,3.87,,,,,,,,0.08,3.79,140.1859090909091
2024-09-01,17.663333333333334,22.38,2.072204944819246,normal,3.72,,,,,,,,0.16,3.56,128.64333333333335
2024-10-01,19.960869565217394,23.16,1.2924814506967819,normal,4.1,,,,,,,,0.12,3.9799999999999995,144.72608695652175
2024-11-01,16.015238095238097,21.98,2.4961642955695447,normal,4.36,,,,,,,,-0.05,4.41,117.10666666666668
2024-12-01,15.866190476190477,27.62,3.7102445690149284,normal,4.39,,,,,,,,0.04,4.35,116.06333333333333
2025-01-01,16.763636363636365,19.54,1.3826046690922422,normal,4.63,,,,,,,,0.65,3.98,122.34545454545456
2025-02-01,16.968,21.13,1.90090172508235,normal,4.45,,,,,,,,0.44,4.01,123.776
2025-03-01,21.841428571428573,27.86,2.9211629288937067,elevated,4.28,,,,,,,,0.22,4.0600000000000005,157.89000000000001
2025-04-01,31.966190476190473,52.33,8.41147280575196,stress,4.28,,,,,,,,0.31,3.97,228.76333333333332
2025-05-01,20.46227272727273,24.76,2.3873634228064473,elevated,4.42,,,,,,,,0.21,4.21,148.2359090909091
2025-06-01,18.403333333333336,22.17,1.783517124485586,normal,4.38,,,,,,,,0.34,4.04,133.82333333333335
2025-07-01,16.381304347826084,17.79,0.7864321293482008,normal,4.39,,,,,,,,0.15,4.239999999999999,119.66913043478259
2025-08-01,15.75,20.38,1.4797398419992611,normal,4.26,,,,,,,,0.29,3.9699999999999998,115.25
2025-09-01,15.789090909090909,17.17,0.6662110997553479,normal,4.12,,,,,,,,0.25,3.87,115.52363636363637
2025-10-01,18.086521739130436,25.31,2.327237161598299,normal,4.06,,,,,,,,,4.06,131.60565217391306
2025-11-01,19.7695,26.42,2.8816506143455167,normal,4.09,,,,,,,,-0.21,4.3,143.3865
2025-12-01,15.548181818181819,17.62,1.245363348637604,normal,4.14,,,,,,,,-0.02,4.159999999999999,113.83727272727273
2026-01-01,16.17904761904762,20.09,1.3697770065302772,normal,4.21,,,,,,,,0.37,3.84,118.25333333333333
2026-02-01,19.207,21.77,1.5075392986062095,normal,4.13,,,,,,,,0.47,3.66,139.449
2026-03-01,25.596818181818183,31.05,2.644284737862354,elevated,4.25,,,,,,,,1.05,3.2,184.17772727272728
2026-04-01,19.811904761904763,25.78,2.544949152827259,normal,4.32,,,,,,,,0.85,3.47,143.68333333333334
2026-05-01,17.237142857142857,18.43,0.8305308113317812,normal,4.48,,,,,,,,0.63,3.8500000000000005,125.66
2026-06-01,17.90681818181818,22.22,1.8566031100440143,normal,,,,,,,,,,,130.34772727272727
